Date,Open,High,Low,Close,Shares Traded,Turnover (Rs. Cr)
2018-01-01,    14152.10,    14153.10,    13988.70,    14020.60,       39560300,         1429.20
2018-01-02,    14049.75,    14082.85,    13984.55,    14046.50,       39347078,         1412.92
2018-01-03,    14092.90,    14116.90,    14054.80,    14066.65,       35436193,         1310.66
2018-01-04,    14092.75,    14114.10,    14043.35,    14100.15,       41096490,         1042.03
2018-01-05,    14115.90,    14256.65,    14106.55,    14234.20,      110812051,         2525.67
2018-01-08,    14294.40,    14342.40,    14284.30,    14305.80,      126687646,         2217.32
2018-01-09,    14334.55,    14381.80,    14263.65,    14322.75,      135817477,         1993.69
2018-01-10,    14324.30,    14328.25,    14221.60,    14282.40,       65224065,         1493.59
2018-01-11,    14292.85,    14323.55,    14234.15,    14293.45,      107506856,         2432.99
2018-01-12,    14331.90,    14381.50,    14244.90,    14368.20,       89388067,         2106.44
2018-01-15,    14430.65,    14571.85,    14424.10,    14558.60,      166363584,         3436.15
2018-01-16,    14595.45,    14599.90,    14480.40,    14546.15,      132141972,         2783.84
2018-01-17,    14531.45,    14722.20,    14530.35,    14696.10,      108873728,         2979.58
2018-01-18,    14944.85,    15005.85,    14792.15,    14854.60,      155245586,         4959.33
2018-01-19,    14908.80,    15080.95,    14803.80,    15049.90,       92653340,         3055.12
2018-01-22,    15068.45,    15176.25,    15012.85,    15155.15,       88536301,         3486.88
2018-01-23,    15190.85,    15354.55,    15181.75,    15333.85,       96387195,         3324.93
2018-01-24,    15273.20,    15341.30,    15198.70,    15215.70,       72331755,         2161.03
2018-01-25,    15208.45,    15423.10,    15099.95,    15374.50,       85920808,         3309.97
2018-01-29,    15370.15,    15515.35,    15337.60,    15402.65,       65169203,         2440.96
2018-01-30,    15382.80,    15385.40,    15216.20,    15230.65,       62852261,         2133.77
2018-01-31,    15145.40,    15352.90,    15132.25,    15309.25,       72609952,         2632.38
2018-02-01,    15248.60,    15497.45,    15142.65,    15275.35,       93719247,         3710.39
2018-02-02,    15155.30,    15155.45,    14766.20,    14812.70,      101414996,         2843.78
2018-02-05,    14534.55,    14649.95,    14505.85,    14582.40,       83315631,         2701.23
2018-02-06,    14044.90,    14627.10,    13993.75,    14432.20,       98596855,         3252.98
2018-02-07,    14573.30,    14582.20,    14308.85,    14369.65,       76720975,         2508.33
2018-02-08,    14420.45,    14609.55,    14343.95,    14485.55,       55988193,         1718.42
2018-02-09,    14228.20,    14286.35,    14154.25,    14223.55,       49046873,         1788.81
2018-02-12,    14306.45,    14404.45,    14270.55,    14382.25,       51376462,         1550.16
2018-02-14,    14455.75,    14457.90,    14140.85,    14216.00,       55417744,         1876.33
2018-02-15,    14247.45,    14402.80,    14206.55,    14302.50,       79364497,         2554.49
2018-02-16,    14358.10,    14419.50,    14143.95,    14168.60,       72267873,         2113.20
2018-02-19,    14294.40,    14295.50,    14031.10,    14138.75,       69578645,         1819.25
2018-02-20,    14169.80,    14220.20,    13983.70,    14010.70,       57575462,         1618.04
2018-02-21,    14073.85,    14081.90,    13964.55,    14040.25,       51666253,         1849.61
2018-02-22,    13984.10,    14093.45,    13960.30,    14072.80,       93922670,         3393.39
2018-02-23,    14094.80,    14305.75,    14074.10,    14279.90,       56633974,         1616.79
2018-02-26,    14350.70,    14555.90,    14333.20,    14544.80,       46458806,         1582.72
2018-02-27,    14557.25,    14562.35,    14381.90,    14401.65,       47053393,         1591.03
2018-02-28,    14252.30,    14274.20,    14140.30,    14210.05,       56825247,         1838.67
2018-03-01,    14170.10,    14275.90,    14084.95,    14112.35,       54144591,         1917.36
2018-03-05,    14075.15,    14080.15,    13968.15,    14047.20,       53607186,         1782.15
2018-03-06,    14139.35,    14185.95,    13810.10,    13856.80,       62874051,         2360.89
2018-03-07,    13796.90,    13808.90,    13686.45,    13704.55,       87115619,         2686.06
2018-03-08,    13794.85,    13898.35,    13649.40,    13866.45,       94600818,         2674.72
2018-03-09,    13920.30,    13923.35,    13745.10,    13766.25,-0,-0
2018-03-12,    13859.10,    14053.35,    13822.35,    14026.60,       75102375,         1860.57
2018-03-13,    14008.10,    14195.10,    13969.00,    14058.10,       68714986,         2105.08
2018-03-14,    14007.45,    14143.30,    13918.20,    14113.85,       60180428,         1760.31
2018-03-15,    14116.40,    14152.20,    14042.90,    14070.40,       51339795,         1614.26
2018-03-16,    14062.65,    14067.50,    13859.95,    13885.75,       88466019,         3262.68
2018-03-19,    13911.75,    13942.50,    13718.50,    13754.15,       51386714,         1917.15
2018-03-20,    13686.35,    13807.35,    13652.80,    13700.05,       45404042,         1423.39
2018-03-21,    13791.85,    13856.15,    13706.00,    13738.60,-0,-0
2018-03-22,    13743.45,    13773.10,    13657.25,    13681.55,       78339377,         2552.72
2018-03-23,    13473.55,    13482.20,    13379.25,    13418.35,      132534257,         4059.34
2018-03-26,    13422.85,    13703.10,    13407.25,    13674.70,      107522318,         3735.85
2018-03-27,    13758.20,    13839.15,    13694.95,    13767.75,       96406177,         2452.09
2018-03-28,    13701.45,    13727.15,    13656.70,    13687.90,       98751474,         3515.39
2018-04-02,    13645.30,    13715.05,    13541.15,    13687.65,-0,-0
2018-04-03,    13639.30,    13840.70,    13621.60,    13824.40,-0,-0
2018-04-04,    13814.15,    13922.20,    13591.60,    13614.45,       86807603,         2311.85
2018-04-05,    13749.50,    13996.25,    13742.05,    13967.25,       72516324,         2187.64
2018-04-06,    13971.75,    14053.00,    13899.05,    14017.20,       76804034,         1979.21
2018-04-09,    13995.30,    14182.85,    13982.00,    14146.40,-0,-0
2018-04-10,    14179.75,    14300.25,    14165.45,    14262.80,      110976205,         3627.59
2018-04-11,    14255.00,    14262.30,    14115.60,    14215.90,       64058821,         1845.40
2018-04-12,    14201.55,    14324.25,    14146.30,    14297.85,       65723385,         2073.65
2018-04-13,    14332.15,    14434.10,    14241.00,    14323.55,       64237139,         2132.49
2018-04-16,    14253.15,    14421.35,    14240.80,    14405.55,       48668111,         1708.29
2018-04-17,    14435.35,    14453.45,    14360.85,    14420.65,       67516595,         1613.50
2018-04-18,    14478.60,    14478.60,    14260.60,    14288.75,-0,-0
2018-04-19,    14350.65,    14350.65,    14239.90,    14295.25,       63880757,         2233.18
2018-04-20,    14296.50,    14296.50,    14113.10,    14163.40,       71207743,         2505.68
2018-04-23,    14212.75,    14258.20,    13959.85,    14199.10,       54584512,         2259.40
2018-04-24,    14212.65,    14322.55,    14210.05,    14281.10,       69866050,         2182.22
2018-04-25,    14263.20,    14263.20,    14101.45,    14162.15,       61387610,         1643.16
2018-04-26,    14176.05,    14366.25,    14125.60,    14323.45,      137218196,         4652.65
2018-04-27,    14332.10,    14587.70,    14332.10,    14560.05,      175656013,         6452.91
2018-04-30,    14604.45,    14649.10,    14553.20,    14593.35,       83414450,         3288.96
2018-05-02,    14647.45,    14720.25,    14580.10,    14624.75,       92290766,         4154.39
2018-05-03,    14611.15,    14690.05,    14577.60,    14654.15,       76139786,         2634.79
2018-05-04,    14661.25,    14680.65,    14592.20,    14655.70,       64916467,         2027.21
2018-05-07,    14684.10,    14836.40,    14679.95,    14795.75,       64146019,         2316.31
2018-05-08,    14953.65,    14994.45,    14873.50,    14976.15,      156301115,         4988.07
2018-05-09,    14917.45,    15052.90,    14886.85,    15020.20,       77084498,         2345.04
2018-05-10,    15046.85,    15074.60,    14948.95,    14987.95,      193730686,         3638.45
2018-05-11,    15020.75,    15168.55,    14991.10,    15156.45,       85411360,         1971.55
2018-05-14,    15144.05,    15228.25,    15075.40,    15168.80,      116174261,         1800.04
2018-05-15,    15180.65,    15456.50,    15124.00,    15186.70,      108802500,         2993.81
2018-05-16,    15070.40,    15183.40,    14971.80,    15047.20,      113881464,         2764.52
2018-05-17,    15078.20,    15105.20,    14934.00,    14961.10,       68377363,         1987.14
2018-05-18,    14926.00,    14939.15,    14837.55,    14864.50,       72278941,         2289.41
2018-05-21,    14933.00,    14958.75,    14727.90,    14749.80,       71492811,         2054.47
2018-05-22,    14769.45,    14869.50,    14684.45,    14706.20,       57915592,         1581.80
2018-05-23,    14668.75,    14723.30,    14562.40,    14607.60,       54955095,         1790.79
2018-05-24,    14631.35,    14829.30,    14606.50,    14791.95,       49973261,         1584.35
2018-05-25,    14828.80,    14990.00,    14800.95,    14956.70,       51576792,         1542.57
2018-05-28,    14967.10,    15175.80,    14957.45,    15117.50,       64738756,         1973.77
2018-05-29,    15100.85,    15103.00,    14895.05,    14917.40,       55006779,         1725.04
2018-05-30,    14800.50,    14984.45,    14753.10,    14930.30,       75821876,         2212.44
2018-05-31,    15044.90,    15423.15,    14913.05,    15255.25,      278281066,         6749.88
2018-06-01,    15262.30,    15301.00,    15084.60,    15118.95,       91652035,         3266.70
2018-06-04,    15298.80,    15303.75,    14894.30,    14921.40,       94390489,         6440.43
2018-06-05,    14932.00,    14953.45,    14807.00,    14889.40,       78208067,         2450.03
2018-06-06,    14911.95,    14979.85,    14826.00,    14942.40,       93959471,         2063.17
2018-06-07,    15070.90,    15206.20,    15033.15,    15051.50,       89316893,         2557.39
2018-06-08,    15015.65,    15021.95,    14913.05,    14990.55,       51363950,         1892.94
2018-06-11,    14997.20,    15098.40,    14970.35,    14994.50,       85204829,         2241.56
2018-06-12,    15066.15,    15083.10,    14988.85,    15054.30,       65766676,         1842.42
2018-06-13,    15120.45,    15140.00,    15049.20,    15067.40,       59335968,         2088.87
2018-06-14,    15052.95,    15068.35,    14987.05,    15028.95,       53459502,         2199.09
2018-06-15,    15009.30,    15048.95,    14909.20,    14970.15,      104464695,         3482.91
2018-06-18,    14988.00,    15026.40,    14924.05,    14988.25,       71341992,         2170.86
2018-06-19,    15014.75,    15014.75,    14876.85,    14902.60,       69803558,         2491.33
2018-06-20,    14937.50,    15088.60,    14929.00,    15075.30,       57586632,         1947.60
2018-06-21,    15126.35,    15158.80,    15041.05,    15065.20,       78721560,         2503.60
2018-06-22,    15080.45,    15233.00,    14993.80,    15206.55,       70503784,         2011.84
2018-06-25,    15177.60,    15233.80,    15084.45,    15105.70,       52236582,         1721.44
2018-06-26,    15041.25,    15153.50,    15032.75,    15105.25,       46187523,         1696.67
2018-06-27,    15118.15,    15118.15,    14903.55,    14980.45,       77520253,         2939.90
2018-06-28,    14966.30,    14999.15,    14818.70,    14911.05,      182859482,         4895.51
2018-06-29,    14906.90,    15018.40,    14885.05,    14961.75,       74546262,         3066.36
2018-07-02,    14962.80,    14970.20,    14824.45,    14913.45,      118523316,         3501.52
2018-07-03,    14892.60,    14971.20,    14845.05,    14909.45,       61771552,         1843.34
2018-07-04,    14946.00,    15060.80,    14866.60,    15032.90,       49239781,         1629.78
2018-07-05,    15063.75,    15114.85,    15038.55,    15059.45,       54191035,         2088.98
2018-07-06,    15019.20,    15111.30,    15010.25,    15056.65,       74175095,         2319.03
2018-07-09,    15150.70,    15229.10,    15132.30,    15210.25,       69273805,         2421.89
2018-07-10,    15257.40,    15296.60,    15213.10,    15267.40,       74000377,         3171.36
2018-07-11,    15281.70,    15317.25,    15210.45,    15241.60,       58420963,         2050.73
2018-07-12,    15310.55,    15433.75,    15309.65,    15344.95,       87780558,         2450.10
2018-07-13,    15360.40,    15397.60,    15266.65,    15287.10,       66797174,         2236.19
2018-07-16,    15276.45,    15293.25,    15131.80,    15153.70,       76170245,         2394.38
2018-07-17,    15155.65,    15351.25,    15146.60,    15330.70,      167324089,         3023.21
2018-07-18,    15381.25,    15404.50,    15210.20,    15238.20,      123399510,         3252.99
2018-07-19,    15288.25,    15319.20,    15109.40,    15142.80,       87851243,         3175.38
2018-07-20,    15127.15,    15231.20,    15104.20,    15195.90,       63793235,         2427.18
2018-07-23,    15118.75,    15312.80,    15106.45,    15296.05,      139096963,         2893.49
2018-07-24,    15289.20,    15357.20,    15189.40,    15250.20,       81986648,         2116.90
2018-07-25,    15248.45,    15301.20,    15219.90,    15244.55,       80372370,         2373.40
2018-07-26,    15246.95,    15396.30,    15222.70,    15381.20,      151322190,         5398.86
2018-07-27,    15424.65,    15565.35,    15386.70,    15548.25,      110009582,         3292.12
2018-07-30,    15621.10,    15684.05,    15495.85,    15666.45,      127845458,         4042.31
2018-07-31,    15650.30,    15679.10,    15549.30,    15613.45,       91342659,         3254.38
2018-08-01,    15576.90,    15661.25,    15440.05,    15508.25,       67881810,         2027.07
2018-08-02,    15438.10,    15454.85,    15368.30,    15387.40,       68445508,         2249.36
2018-08-03,    15466.60,    15636.10,    15445.10,    15621.25,       84930744,         3277.58
2018-08-06,    15668.30,    15787.05,    15659.15,    15727.05,       97618249,         3508.43
2018-08-07,    15756.80,    15767.80,    15672.40,    15729.50,       80100152,         3016.59
2018-08-08,    15762.65,    15877.95,    15697.05,    15835.35,       66851843,         2363.45
2018-08-09,    15879.65,    16040.30,    15879.15,    15994.95,      147196423,         5027.61
2018-08-10,    16007.80,    16030.95,    15922.20,    15942.60,      116252908,         3614.45
2018-08-13,    15771.45,    15859.50,    15762.20,    15800.30,       68175673,         2495.13
2018-08-14,    15824.40,    15993.75,    15815.30,    15975.85,       65547004,         2290.21
2018-08-16,    15854.15,    15970.20,    15812.50,    15864.70,      113968169,         4570.70
2018-08-17,    15962.25,    16058.55,    15936.90,    16027.55,      119167835,         3469.44
2018-08-20,    16049.50,    16115.95,    16040.85,    16062.50,      139895763,         2944.44
2018-08-21,    16068.20,    16076.25,    15983.30,    16054.90,      114173770,         3188.58
2018-08-23,    16089.35,    16090.35,    15898.00,    15932.75,       87240771,         3317.54
2018-08-24,    15903.60,    15967.05,    15778.75,    15814.50,       86898361,         3490.52
2018-08-27,    15882.00,    16100.00,    15877.45,    16077.75,       92296380,         3726.52
2018-08-28,    16152.15,    16152.15,    16011.65,    16088.90,       93484527,         3367.42
2018-08-29,    16054.35,    16129.15,    16013.90,    16045.45,      111919683,         4012.79
2018-08-30,    16047.90,    16047.90,    15881.75,    15973.50,      128910721,         4941.09
2018-08-31,    15894.40,    16011.35,    15869.40,    15933.20,      160433165,         5842.65
2018-09-03,    16005.45,    16008.35,    15724.55,    15748.30,       74995530,         2788.58
2018-09-04,    15763.35,    15780.45,    15518.30,    15563.20,      102259215,         3025.90
2018-09-05,    15543.20,    15595.10,    15397.15,    15531.90,       89547700,         2841.01
2018-09-06,    15582.30,    15625.95,    15459.95,    15590.80,       72022055,         2919.64
2018-09-07,    15572.65,    15639.40,    15437.10,    15618.30,       95839600,         3401.75
2018-09-10,    15564.15,    15584.40,    15426.80,    15475.95,      127843457,         5340.07
2018-09-11,    15519.75,    15543.90,    15240.50,    15263.85,       98432350,         4299.36
2018-09-12,    15320.40,    15320.40,    15102.55,    15248.80,       96283610,         3547.87
2018-09-14,    15385.20,    15472.50,    15339.75,    15448.25,       84184880,         3506.67
2018-09-17,    15354.00,    15354.00,    15223.40,    15277.15,       62423698,         2278.35
2018-09-18,    15249.65,    15345.15,    15084.05,    15103.95,      105480829,         3270.70
2018-09-19,    15156.25,    15206.65,    15008.10,    15032.95,       67432504,         3081.30
2018-09-21,    15033.75,    15121.15,    14275.95,    14513.65,      426118612,        12674.77
2018-09-24,    14539.40,    14545.80,    14119.10,    14154.55,      194019653,         6004.30
2018-09-25,    14139.35,    14396.75,    13967.45,    14346.95,      217616201,         6776.10
2018-09-26,    14456.10,    14456.50,    14273.35,    14401.95,      133359362,         4362.51
2018-09-27,    14446.80,    14453.35,    14112.45,    14133.05,      200138241,         5402.29
2018-09-28,    14190.65,    14270.10,    14028.35,    14151.05,      255811780,         6261.81
2018-10-01,    14006.65,    14252.05,    13826.10,    14226.60,      233490092,         7254.16
2018-10-03,    14181.50,    14268.90,    13990.90,    14015.95,      182730759,         5912.55
2018-10-04,    13824.70,    14002.10,    13702.65,    13953.30,      184637301,         6078.45
2018-10-05,    13901.80,    14123.10,    13607.60,    13735.80,      134012985,         4672.27
2018-10-08,    13747.25,    13940.75,    13617.90,    13864.55,      159089665,         4792.42
2018-10-09,    13915.20,    13970.75,    13794.30,    13826.75,      118311504,         3382.91
2018-10-10,    13880.75,    14329.10,    13858.95,    14289.85,      147342161,         4573.46
2018-10-11,    13831.65,    14132.85,    13803.85,    14031.15,      181414408,         5139.45
2018-10-12,    14158.55,    14458.10,    14146.90,    14412.55,      132741317,         4314.62
2018-10-15,    14432.25,    14432.25,    14232.50,    14359.60,      114957263,         3560.99
2018-10-16,    14381.50,    14582.60,    14353.75,    14496.75,      268497184,         4826.52
2018-10-17,    14643.00,    14693.25,    14225.30,    14281.50,      180616172,         4057.60
2018-10-19,    14146.75,    14329.95,    14104.80,    14209.55,      154634068,         4309.68
2018-10-22,    14404.35,    14416.70,    14111.50,    14151.75,      137320936,         5345.55
2018-10-23,    13987.20,    14212.15,    13985.60,    14126.00,      111556728,         4651.85
2018-10-24,    14325.70,    14356.20,    14042.45,    14180.85,      136787599,         4527.92
2018-10-25,    14051.15,    14115.25,    13974.30,    14073.80,      166968359,         5732.60
2018-10-26,    14021.05,    14021.05,    13735.10,    13785.05,      172709930,         4544.60
2018-10-29,    13944.05,    14167.55,    13798.60,    14123.50,      195860404,         6651.57
2018-10-30,    14099.75,    14201.90,    13926.50,    13988.90,      152260445,         4552.33
2018-10-31,    13999.20,    14231.35,    13835.35,    14206.65,      150148921,         5303.36
2018-11-01,    14263.95,    14374.40,    14183.50,    14314.50,      151500866,         5375.17
2018-11-02,    14447.90,    14633.55,    14423.95,    14552.65,      151839394,         5866.15
2018-11-05,    14568.85,    14577.60,    14431.90,    14499.50,-0,-0
2018-11-06,    14503.05,    14595.15,    14446.00,    14465.70,       90756363,         3520.73
2018-11-07,    14595.55,    14609.50,    14533.00,    14554.20,-0,-0
2018-11-09,    14555.30,    14648.85,    14462.35,    14622.70,      135170274,         3510.81
2018-11-12,    14643.30,    14716.90,    14497.20,    14523.10,       83014290,         2536.97
2018-11-13,    14449.50,    14708.65,    14435.65,    14691.50,       97654172,         3003.96
2018-11-14,    14799.80,    14825.45,    14644.30,    14720.40,      116096311,         4363.88
2018-11-15,    14723.75,    14882.65,    14621.05,    14852.20,      134285683,         4061.03
2018-11-16,    14876.95,    14937.90,    14773.65,    14828.45,      171628751,         4979.54
2018-11-19,    14890.15,    14917.70,    14809.75,    14871.40,      126364193,         3781.45
2018-11-20,    14822.55,    14867.20,    14721.50,    14767.90,      133839268,         3705.44
2018-11-21,    14759.65,    14892.95,    14729.45,    14845.60,      120322260,         3314.81
2018-11-22,    14839.00,    14887.10,    14670.75,    14696.60,      122104505,         3003.41
2018-11-26,    14746.30,    14902.20,    14697.35,    14883.50,      147519194,         4132.42
2018-11-27,    14848.75,    14933.45,    14803.30,    14899.65,      151321753,         4041.60
2018-11-28,    14933.60,    14962.90,    14876.35,    14907.55,      223991185,         5175.02
2018-11-29,    14997.60,    15223.35,    14967.10,    15198.40,      433596346,        10623.88
2018-11-30,    15238.65,    15239.15,    15088.00,    15154.45,      195598955,         5032.83
2018-12-03,    15267.75,    15270.75,    15119.75,    15160.45,      179219577,         4278.63
2018-12-04,    15129.20,    15156.95,    15068.35,    15109.95,      142869246,         3438.96
2018-12-05,    15030.45,    15052.15,    14928.80,    14964.70,      108500653,         3369.04
2018-12-06,    14855.80,    14870.00,    14718.45,    14750.60,      115369567,         3224.86
2018-12-07,    14809.15,    15075.30,    14779.60,    15041.70,      145366998,         7368.03
2018-12-10,    14744.35,    14907.35,    14668.00,    14700.40,      125400280,         5319.01
2018-12-11,    14410.95,    14797.15,    14398.60,    14746.25,      192339305,         6460.26
2018-12-12,    14811.65,    15056.65,    14770.75,    15041.80,      153642856,         4564.79
2018-12-13,    15148.00,    15207.00,    15066.60,    15125.90,      195670644,         4660.37
2018-12-14,    15119.95,    15165.45,    15063.50,    15139.05,      156477360,         3146.75
2018-12-17,    15193.30,    15265.70,    15180.95,    15222.95,      106382038,         3323.17
2018-12-18,    15168.75,    15331.15,    15123.60,    15313.55,      108359231,         3000.44
2018-12-19,    15346.20,    15424.00,    15320.55,    15373.00,      151267295,         3985.27
2018-12-20,    15275.75,    15393.00,    15254.40,    15374.60,      160982260,         3526.14
2018-12-21,    15370.35,    15416.50,    15084.05,    15117.05,      118582067,         3191.62
2018-12-24,    15124.15,    15173.35,    15020.20,    15041.80,       93627088,         2152.77
2018-12-26,    14986.70,    15190.60,    14837.25,    15167.00,      118160775,         2773.10
2018-12-27,    15296.05,    15317.10,    15110.55,    15128.00,      124293441,         3548.62
2018-12-28,    15228.65,    15317.80,    15215.40,    15268.05,       76636258,         2479.24
2018-12-31,    15337.00,    15351.90,    15254.55,    15292.00,       57562942,         1872.30
2019-01-01,    15324.40,    15410.40,    15203.15,    15391.45,       70169618,         2726.82
2019-01-02,    15330.05,    15405.15,    15237.05,    15300.55,      112294224,         3157.59
2019-01-03,    15303.30,    15313.90,    15154.35,    15178.95,       81767463,         2897.32
2019-01-04,    15196.45,    15347.40,    15135.55,    15302.75,      130009517,         3337.98
2019-01-07,    15403.90,    15486.10,    15372.50,    15391.30,      124612906,         3352.41
2019-01-08,    15389.50,    15544.45,    15315.75,    15520.50,      107590614,         3396.84
2019-01-09,    15599.35,    15687.30,    15476.30,    15665.55,      167309113,         5232.46
2019-01-10,    15663.40,    15663.40,    15491.00,    15527.30,      141589791,         3647.68
2019-01-11,    15576.40,    15583.35,    15435.05,    15484.05,       91441859,         2884.57
2019-01-14,    15448.25,    15448.40,    15311.30,    15353.65,      174383313,         4207.94
2019-01-15,    15391.10,    15453.70,    15390.75,    15429.95,      137502048,         3394.25
2019-01-16,    15429.05,    15528.55,    15427.00,    15485.50,      150947903,         3437.02
2019-01-17,    15538.00,    15588.10,    15423.10,    15537.80,      182748957,         4191.55
2019-01-18,    15541.10,    15559.85,    15475.95,    15505.80,      107654633,         2874.36
2019-01-21,    15524.05,    15586.35,    15446.05,    15552.45,      147521427,         4145.49
2019-01-22,    15548.05,    15567.45,    15494.50,    15557.40,      122494491,         4121.00
2019-01-23,    15568.15,    15622.30,    15421.05,    15459.65,      103713038,         3024.55
2019-01-24,    15468.80,    15529.20,    15368.60,    15466.55,      181602419,         4801.32
2019-01-25,    15470.35,    15586.10,    15338.50,    15384.80,      258165743,         6713.70
2019-01-28,    15335.80,    15381.60,    15024.50,    15072.30,      144986306,         4596.06
2019-01-29,    15057.60,    15132.65,    14955.00,    15053.85,      152415391,         4415.36
2019-01-30,    15216.35,    15304.30,    15163.70,    15242.20,      197837726,         7969.13
2019-01-31,    15341.90,    15517.00,    15278.00,    15495.10,      270668761,         8973.16
2019-02-01,    15503.00,    15592.85,    15265.40,    15382.10,      149017841,         4695.59
2019-02-04,    15300.65,    15469.70,    15228.70,    15441.25,      131779962,         3448.72
2019-02-05,    15463.20,    15541.15,    15425.15,    15491.00,      107243926,         3140.04
2019-02-06,    15520.10,    15566.60,    15499.70,    15541.75,      126935955,         3160.64
2019-02-07,    15551.50,    15648.95,    15505.10,    15552.85,      124743197,         2793.91
2019-02-08,    15510.55,    15594.30,    15458.85,    15493.50,      106715775,         2973.56
2019-02-11,    15468.65,    15498.40,    15396.00,    15449.25,       87984508,         2558.87
2019-02-12,    15402.75,    15474.85,    15315.75,    15331.05,       96624152,         3117.28
2019-02-13,    15357.35,    15386.40,    15236.85,    15257.35,       84185339,         2611.65
2019-02-14,    15339.20,    15417.45,    15254.90,    15386.40,      327310457,         8023.70
2019-02-15,    15416.85,    15429.10,    15201.20,    15299.05,      209766650,         5579.66
2019-02-18,    15246.50,    15312.65,    15212.95,    15233.40,      140472106,         3637.34
2019-02-19,    15235.70,    15431.15,    15199.10,    15239.80,       82982786,         2481.79
2019-02-20,    15300.00,    15392.90,    15268.30,    15376.05,       96869677,         2635.12
2019-02-21,    15391.25,    15463.05,    15385.05,    15430.25,       82503015,         2753.47
2019-02-22,    15350.65,    15371.00,    15292.65,    15310.45,      192137358,        13407.69
2019-02-25,    15353.55,    15502.40,    15347.35,    15481.50,      109042861,         3519.64
2019-02-26,    15290.90,    15483.60,    15229.75,    15378.20,      158282149,         4700.24
2019-02-27,    15454.30,    15521.80,    15229.50,    15284.60,      146424612,         4770.46
2019-02-28,    15343.50,    15357.95,    15267.75,    15291.35,      138461710,         5790.25
2019-03-01,    15382.25,    15454.25,    15370.85,    15437.70,      114720357,         3405.10
2019-03-05,    15452.80,    15766.55,    15384.15,    15756.75,      146285426,         3912.52
2019-03-06,    15795.90,    15832.85,    15725.85,    15806.80,      153344538,         4044.77
2019-03-07,    15816.60,    15875.95,    15754.95,    15842.70,      155522170,         3647.95
2019-03-08,    15801.00,    15874.45,    15775.20,    15845.40,       95664837,         2759.92
2019-03-11,    15871.65,    16001.30,    15840.95,    15960.25,      130559772,         3446.34
2019-03-12,    16070.20,    16292.00,    16051.20,    16257.90,      149040917,         5492.46
2019-03-13,    16271.90,    16506.25,    16187.20,    16463.25,      167573529,         8096.52
2019-03-14,    16534.50,    16585.70,    16455.90,    16507.00,      142930934,         5306.81
2019-03-15,    16555.60,    16873.35,    16543.10,    16769.35,      227063522,         7872.51
2019-03-18,    16860.10,    17030.25,    16784.50,    16915.55,      147371863,         4643.48
2019-03-19,    16975.00,    17021.25,    16873.40,    17001.90,      110217993,         3414.35
2019-03-20,    17001.00,    17036.10,    16905.80,    16986.20,      110832155,         3767.12
2019-03-22,    17045.40,    17094.40,    16819.50,    16879.10,      130978512,         5193.23
2019-03-25,    16741.15,    16744.70,    16600.55,    16664.35,       85958546,         2989.28
2019-03-26,    16681.05,    17052.00,    16663.55,    17012.35,       82489037,         3236.63
2019-03-27,    17104.40,    17264.00,    16982.90,    17108.55,      180607545,         6304.38
2019-03-28,    17136.90,    17367.40,    17082.80,    17336.75,      164212066,         6590.37
2019-03-29,    17359.40,    17370.50,    17224.10,    17315.55,      118069761,         4466.76
2019-04-01,    17377.15,    17431.70,    17165.35,    17225.25,      109356446,         3823.23
2019-04-02,    17299.90,    17299.90,    17117.60,    17226.70,       87129135,         3400.66
2019-04-03,    17276.30,    17367.40,    17063.05,    17101.50,       80125643,         3306.43
2019-04-04,    17127.60,    17163.60,    16909.75,    16961.60,      101810398,         3819.35
2019-04-05,    17015.95,    17160.80,    16969.65,    17111.80,       80379191,         2854.38
2019-04-08,    17175.40,    17191.60,    16901.30,    16971.95,       71984877,         2522.38
2019-04-09,    17001.70,    17178.35,    16907.30,    17146.05,       82934096,         3387.79
2019-04-10,    17038.45,    17179.05,    16967.40,    16990.50,      106150227,         8917.20
2019-04-11,    17011.30,    17014.00,    16873.50,    16946.95,       59930456,         2349.42
2019-04-12,    16949.30,    17068.20,    16911.95,    17032.20,       54995755,         2297.64
2019-04-15,    17060.15,    17156.70,    17018.45,    17120.90,       49416662,         2362.28
2019-04-16,    17200.60,    17444.25,    17194.75,    17411.00,       80868806,         3558.56
2019-04-18,    17488.80,    17498.15,    17183.90,    17230.90,       96361098,         3898.98
2019-04-22,    17259.40,    17266.50,    16855.70,    16877.05,       92443537,         4031.93
2019-04-23,    16920.85,    17010.20,    16748.45,    16760.95,       91297365,         3646.46
2019-04-24,    16806.00,    17003.50,    16736.95,    16974.15,       84198450,         3735.46
2019-04-25,    17020.60,    17107.10,    16787.60,    16817.15,      140907442,         5363.85
2019-04-26,    16946.60,    17082.80,    16803.50,    17062.00,      113560996,         5006.48
2019-04-30,    16971.75,    16971.75,    16707.95,    16807.40,      292013959,         8195.22
2019-05-02,    16768.00,    16892.25,    16720.50,    16754.70,      184584178,         5944.93
2019-05-03,    16814.00,    16989.30,    16802.05,    16893.65,      129024142,         4471.23
2019-05-06,    16707.45,    16778.10,    16650.65,    16695.20,      151717522,         4237.60
2019-05-07,    16764.95,    16818.10,    16484.95,    16509.10,      137436634,         4615.02
2019-05-08,    16499.70,    16499.70,    16337.80,    16356.35,      118791615,         3913.41
2019-05-09,    16294.70,    16385.30,    16250.55,    16295.65,      157524195,         4504.73
2019-05-10,    16310.65,    16443.80,    16272.40,    16322.60,      127705812,         3927.75
2019-05-13,    16300.00,    16313.65,    16061.10,    16081.35,      157542478,         3607.90
2019-05-14,    16105.90,    16286.65,    16032.90,    16146.70,      173046974,         4708.11
2019-05-15,    16195.30,    16229.20,    15959.90,    15998.40,      159279250,         4025.54
2019-05-16,    16004.30,    16154.00,    15939.75,    16103.25,      137331902,         3663.15
2019-05-17,    16126.65,    16492.75,    16119.55,    16438.00,      188330121,         5288.50
2019-05-20,    16850.70,    17171.30,    16790.55,    17130.50,      208062817,         6838.41
2019-05-21,    17192.95,    17243.25,    16853.10,    16874.30,      124828587,         4220.34
2019-05-22,    16925.10,    17110.55,    16845.75,    17010.05,      138274212,         5989.70
2019-05-23,    17230.45,    17638.50,    16928.95,    16988.45,      265603075,        10081.87
2019-05-24,    17136.40,    17445.15,    17063.55,    17404.95,      161079578,         5714.71
2019-05-27,    17420.50,    17661.05,    17354.75,    17629.05,      144949682,         4709.27
2019-05-28,    17673.50,    17691.95,    17463.65,    17617.60,      160753053,         5027.63
2019-05-29,    17547.05,    17594.30,    17470.20,    17493.35,      109757279,         3426.58
2019-05-30,    17462.05,    17676.70,    17452.55,    17611.95,      120546659,         4320.97
2019-05-31,    17691.85,    17750.40,    17108.40,    17522.20,      137430952,         5355.06
2019-06-03,    17538.85,    17700.80,    17464.75,    17689.20,       86994637,         3232.27
2019-06-04,    17620.20,    17763.95,    17613.25,    17665.20,       97469178,         3406.77
2019-06-06,    17639.40,    17647.45,    17231.00,    17261.35,      164928588,         5693.64
2019-06-07,    17320.25,    17409.65,    17108.00,    17368.70,      128537472,         4065.30
2019-06-10,    17461.95,    17532.15,    17242.60,    17343.30,      132664238,         3648.15
2019-06-11,    17422.85,    17561.20,    17313.80,    17479.85,      124214951,         3356.37
2019-06-12,    17450.10,    17453.90,    17272.90,    17300.90,       93661240,         3028.73
2019-06-13,    17228.95,    17280.20,    17066.30,    17243.25,      256844674,         6459.16
2019-06-14,    17256.65,    17284.85,    16952.10,    17009.00,      205896607,         5647.90
2019-06-17,    17034.75,    17062.70,    16808.65,    16823.65,      136610500,         4623.55
2019-06-18,    16858.45,    16985.90,    16783.55,    16854.70,      175326829,         5014.15
2019-06-19,    16950.75,    17052.20,    16793.00,    16846.85,      185284118,         4823.41
2019-06-20,    16849.90,    17125.75,    16768.45,    17101.40,      233309628,         5925.29
2019-06-21,    17121.10,    17121.10,    16941.40,    16984.20,      170668689,         4840.98
2019-06-24,    17026.90,    17066.20,    16913.95,    16951.90,      113379362,         3130.39
2019-06-25,    16929.20,    17125.55,    16862.70,    17084.30,      101664466,         3364.89
2019-06-26,    17065.35,    17279.70,    17040.90,    17253.40,-0,-0
2019-06-27,    17272.45,    17441.40,    17252.85,    17314.35,      136285527,         5720.77
2019-06-28,    17324.55,    17340.30,    17163.10,    17197.00,      118012025,         3941.96
2019-07-01,    17294.10,    17410.95,    17290.40,    17358.90,       76910636,         2741.77
2019-07-02,    17386.45,    17393.95,    17189.10,    17259.50,      188632449,         3824.47
2019-07-03,    17299.30,    17386.35,    17242.90,    17330.90,      155794842,         3893.77
2019-07-04,    17379.00,    17468.05,    17351.45,    17377.30,      152762897,         3918.89
2019-07-05,    17396.05,    17453.60,    17287.95,    17353.50,      269251094,         4995.15
2019-07-08,    17282.80,    17293.70,    16892.45,    16926.30,      245705729,         4898.07
2019-07-09,    16899.75,    16976.60,    16776.60,    16902.55,      184853874,         4390.08
2019-07-10,    16930.10,    17009.25,    16865.65,    16902.75,      126338461,         3588.12
2019-07-11,    16997.65,    17047.20,    16910.90,    16990.15,      119618559,         3558.68
2019-07-12,    17039.30,    17079.20,    16887.05,    16913.20,      108311038,         4276.83
2019-07-15,    16980.70,    16983.20,    16763.15,    16811.25,      171087211,         4017.00
2019-07-16,    16872.00,    16892.25,    16788.50,    16868.25,      316749081,         5883.54
2019-07-17,    16902.40,    16968.20,    16837.25,    16891.00,      333728805,         6819.03
2019-07-18,    16852.35,    16888.75,    16678.90,    16707.85,      300021353,         5279.34
2019-07-19,    16754.60,    16771.40,    16260.60,    16298.35,      231402459,         5607.62
2019-07-22,    16213.75,    16221.95,    16003.55,    16061.95,      297370360,         6454.54
2019-07-23,    16097.75,    16149.90,    15973.80,    16037.10,      243433956,         6316.31
2019-07-24,    16012.90,    16106.35,    15855.60,    15899.80,      178675644,         4569.90
2019-07-25,    15904.75,    16067.35,    15880.95,    15963.10,      232680094,         5638.06
2019-07-26,    15982.15,    16192.15,    15937.45,    16161.35,      276593884,         4785.20
2019-07-29,    16311.35,    16319.05,    16060.10,    16151.30,      228174682,         5676.88
2019-07-30,    16232.00,    16285.45,    15819.55,    15852.90,      222621805,         6362.39
2019-07-31,    15724.65,    15969.35,    15686.10,    15917.05,      272591560,         9058.89
2019-08-01,    15785.50,    15903.60,    15514.00,    15687.40,      197999590,         6033.42
2019-08-02,    15610.15,    15797.35,    15441.25,    15636.40,      201848756,         6376.02
2019-08-05,    15466.60,    15481.55,    15213.95,    15342.70,-0,-0
2019-08-06,    15275.40,    15651.95,    15258.45,    15586.25,      216658175,         5777.37
2019-08-07,    15601.15,    15714.50,    15427.05,    15462.50,      248502245,         5824.26
2019-08-08,    15545.20,    15729.65,    15328.00,    15660.35,      206987218,         5644.53
2019-08-09,    15774.40,    15954.55,    15746.30,    15852.75,      271974692,         6325.57
2019-08-13,    15820.90,    15823.10,    15422.15,    15447.65,      272358787,         4962.99
2019-08-14,    15536.45,    15669.40,    15453.60,    15612.60,      232683001,         4245.71
2019-08-16,    15561.45,    15782.70,    15451.80,    15760.55,      205981969,         4189.91
2019-08-19,    15824.25,    15934.75,    15743.70,    15777.25,      183625699,         3643.63
2019-08-20,    15765.65,    15787.05,    15557.75,    15638.45,      222806805,         4063.38
2019-08-21,    15654.65,    15691.30,    15440.55,    15475.40,      281171520,         4115.99
2019-08-22,    15455.70,    15458.40,    15061.00,    15088.25,      386747526,         5295.19
2019-08-23,    14981.40,    15164.85,    14826.40,    15023.55,      403353759,         6527.77
2019-08-26,    15366.85,    15594.95,    14934.20,    15571.90,      380629014,         6544.36
2019-08-27,    15654.45,    15760.10,    15563.35,    15654.75,      284475550,         6031.03
2019-08-28,    15622.00,    15631.85,    15334.55,    15434.00,      323488286,         5791.79
2019-08-29,    15372.35,    15391.05,    15128.80,    15191.00,      307513206,         6231.59
2019-08-30,    15251.85,    15353.00,    15089.50,    15309.20,      317207954,         6304.10
2019-09-03,    15197.05,    15212.05,    14903.55,    14950.95,      275796806,         4942.69
2019-09-04,    14914.85,    15153.85,    14811.70,    15063.50,      219178420,         4777.73
2019-09-05,    15044.90,    15140.25,    14894.50,    14950.55,      248459421,         4743.26
2019-09-06,    14991.75,    15190.35,    14964.30,    15161.10,      196008140,         4113.88
2019-09-09,    15156.25,    15336.55,    15020.35,    15309.00,      227690419,         4378.49
2019-09-11,    15389.15,    15497.40,    15337.05,    15463.70,      400472043,         5718.83
2019-09-12,    15517.65,    15631.75,    15430.40,    15465.20,      296992417,         5330.17
2019-09-13,    15456.30,    15637.20,    15342.35,    15621.05,      357362881,         5516.52
2019-09-16,    15492.10,    15605.25,    15445.65,    15499.60,      182782179,         3670.53
2019-09-17,    15443.70,    15493.40,    15060.80,    15107.25,      220403319,         4557.51
2019-09-18,    15197.65,    15255.45,    15049.15,    15096.50,      245518014,         4308.11
2019-09-19,    15100.60,    15100.60,    14756.10,    14824.90,      391513520,         5136.49
2019-09-20,    14893.65,    16297.45,    14822.05,    16050.75,      644157033,        14767.35
2019-09-23,    16645.80,    17118.50,    16546.95,    16960.60,      418592056,        12063.92
2019-09-24,    16890.00,    17023.60,    16602.95,    16799.50,      267162333,         6587.32
2019-09-25,    16736.95,    16761.20,    16495.15,    16576.85,      238430197,         5689.30
2019-09-26,    16601.00,    17208.95,    16593.60,    16835.00,      383707770,         8545.58
2019-09-27,    16809.35,    16860.45,    16646.45,    16711.50,      381493054,         5598.76
2019-09-30,    16598.70,    16634.65,    16150.05,    16252.30,      490185234,         7944.83
2019-10-01,    16314.60,    16476.60,    15638.05,    16030.00,     1036882928,        12724.74
2019-10-03,    15976.35,    16044.45,    15761.35,    15867.50,      714434707,         8661.02
2019-10-04,    16009.40,    16045.30,    15470.25,    15517.70,      622114676,         7614.34
2019-10-07,    15622.95,    15760.00,    15418.40,    15554.90,      462719975,         6943.92
2019-10-09,    15626.70,    16148.85,    15528.60,    16095.00,      458149383,         6883.27
2019-10-10,    15970.80,    15978.00,    15587.10,    15640.55,      297723562,         5581.57
2019-10-11,    15763.00,    15951.40,    15464.85,    15639.65,      455002712,         6910.37
2019-10-14,    15750.40,    15929.80,    15630.75,    15722.90,      308920820,         4799.76
2019-10-15,    15767.00,    16006.40,    15715.00,    15927.75,      288300460,         4700.45
2019-10-16,    16001.00,    16043.05,    15794.95,    15932.20,      332598601,         5064.72
2019-10-17,    15962.85,    16238.20,    15907.95,    16204.20,      526155658,         6059.93
2019-10-18,    16180.70,    16339.95,    16126.95,    16254.80,      529838542,         6253.49
2019-10-22,    16412.20,    16551.85,    16306.70,    16402.40,      512138216,         7695.13
2019-10-23,    16427.45,    16482.75,    16250.30,    16377.50,      429813904,         6957.83
2019-10-24,    16462.75,    16514.20,    16141.75,    16218.45,      332946176,         5524.23
2019-10-25,    16275.00,    16309.45,    16069.85,    16280.45,-0,-0
2019-10-27,    16387.95,    16419.05,    16325.95,    16359.90,       93221688,         1109.61
2019-10-29,    16364.45,    16662.95,    16277.15,    16605.30,      480287138,         7080.38
2019-10-30,    16670.95,    16719.30,    16516.20,    16596.35,      342661238,         5323.02
2019-10-31,    16679.35,    16771.20,    16505.50,    16561.00,      978950326,        10950.12
2019-11-01,    16638.75,    16774.75,    16554.00,    16730.15,      533668827,         7246.95
2019-11-04,    16746.50,    16875.15,    16657.00,    16710.05,      509746193,         6132.24
2019-11-05,    16762.75,    16784.20,    16528.30,    16584.20,      373500219,         5334.48
2019-11-06,    16590.20,    16887.10,    16487.40,    16833.70,      307365227,         5338.76
2019-11-07,    16897.20,    16958.05,    16775.90,    16876.20,      267816559,         5605.38
2019-11-08,    16846.20,    17194.40,    16809.70,    16996.25,      540660066,         9549.10
2019-11-11,    16954.70,    17273.35,    16930.70,    17220.00,      345630434,         6242.05
2019-11-13,    17218.25,    17277.35,    16884.90,    16915.65,      402747670,         6663.54
2019-11-14,    16950.60,    17037.35,    16813.90,    17014.40,      292064526,         6200.10
2019-11-15,    17073.30,    17178.10,    17038.60,    17065.70,      226455034,         5717.72
2019-11-18,    17074.55,    17146.00,    16993.75,    17056.65,      255983298,         4706.41
2019-11-19,    17087.85,    17232.20,    17058.60,    17167.45,      324268883,         6117.08
2019-11-20,    17191.60,    17356.65,    17175.55,    17296.60,      333758787,         6256.19
2019-11-21,    17339.50,    17351.20,    17208.75,    17255.80,      225438936,         5400.15
2019-11-22,    17280.70,    17284.00,    17091.05,    17142.65,      195929671,         4090.43
2019-11-25,    17121.75,    17406.40,    17115.40,    17390.20,      258220049,         4926.53
2019-11-26,    17459.15,    17572.20,    17361.45,    17496.50,      769079995,        20861.03
2019-11-27,    17573.60,    17615.90,    17509.05,    17556.45,      348901208,         6436.69
2019-11-28,    17600.20,    17720.05,    17567.00,    17698.80,      365942451,         7613.24
2019-11-29,    17670.35,    17692.00,    17542.05,    17641.45,      586437194,         8068.99
2019-12-02,    17678.30,    17690.70,    17543.40,    17630.25,      446906497,         5948.51
2019-12-03,    17643.45,    17651.80,    17412.85,    17466.50,      365881588,         5036.70
2019-12-04,    17437.00,    17685.90,    17380.70,    17666.90,      439159767,         6663.03
2019-12-05,    17720.20,    17749.15,    17483.15,    17527.85,      314960328,         6039.91
2019-12-06,    17575.60,    17635.25,    17303.45,    17358.25,      378221737,         6435.72
2019-12-09,    17345.80,    17452.60,    17235.70,    17357.45,      392515091,         5341.74
2019-12-10,    17388.55,    17403.15,    17209.85,    17237.05,      412519874,         4975.22
2019-12-11,    17243.70,    17347.00,    17149.30,    17303.95,      730308531,         6434.56
2019-12-12,    17357.80,    17522.45,    17348.50,    17497.90,      459821499,         5083.61
2019-12-13,    17545.50,    17721.30,    17542.70,    17668.15,      285888310,         5539.42
2019-12-16,    17746.60,    17762.25,    17609.10,    17646.15,      230586694,         4290.60
2019-12-17,    17708.65,    17763.25,    17653.25,    17732.05,      193686480,         4157.73
2019-12-18,    17811.90,    17863.05,    17694.35,    17836.85,      189871701,         4491.22
2019-12-19,    17844.35,    17870.20,    17731.45,    17824.15,      372391550,         4954.28
2019-12-20,    17825.35,    17885.50,    17778.15,    17833.95,      439030864,         6410.89
2019-12-23,    17841.90,    17905.30,    17761.90,    17840.60,      329111530,         4399.84
2019-12-24,    17837.60,    17889.55,    17817.90,    17840.70,      284175641,         3670.25
2019-12-26,    17825.95,    17851.55,    17669.40,    17689.20,      278818702,         4105.80
2019-12-27,    17758.45,    17902.95,    17698.95,    17888.40,      226024764,         3614.47
2019-12-30,    17927.25,    18030.20,    17832.70,    17884.50,      220142428,         4006.85
2019-12-31,    17877.70,    17878.95,    17736.50,    17767.60,      201445904,         3762.26
2020-01-01,    17809.10,    17875.45,    17694.10,    17711.65,      146730922,         2437.77
2020-01-02,    17734.15,    17925.80,    17726.85,    17913.65,      188981488,         3272.11
2020-01-03,    17851.55,    17858.40,    17669.35,    17731.25,      156945003,         3471.55
2020-01-06,    17645.35,    17649.60,    17268.65,    17298.90,      166846836,         3476.16
2020-01-07,    17481.80,    17637.20,    17277.20,    17384.50,      192234071,         4585.67
2020-01-08,    17180.05,    17413.15,    17132.60,    17371.35,      211704039,         4371.22
2020-01-09,    17566.85,    17818.05,    17521.60,    17760.50,      228065896,         4380.19
2020-01-10,    17825.70,    17860.70,    17659.65,    17729.25,      362852346,         4639.25
2020-01-13,    17749.15,    17852.55,    17711.90,    17811.05,      239802750,         3395.69
2020-01-14,    17827.75,    17851.60,    17707.30,    17727.25,      384446019,         6098.85
2020-01-15,    17667.75,    17670.45,    17493.85,    17572.30,      483312016,         6446.91
2020-01-16,    17574.80,    17664.00,    17505.15,    17584.80,      200175237,         4541.06
2020-01-17,    17461.15,    17524.65,    17367.95,    17444.35,      215066845,         5281.88
2020-01-20,    17620.80,    17620.80,    17143.85,    17161.20,      215211741,         6536.22
2020-01-21,    17104.20,    17222.40,    17036.20,    17099.60,      167423970,         4928.02
2020-01-22,    17150.65,    17205.20,    16897.65,    16931.90,      144040372,         5055.39
2020-01-23,    16958.45,    17138.45,    16900.80,    17075.85,      278962672,         5928.18
2020-01-24,    17096.65,    17284.15,    17013.75,    17202.20,      370555502,         5550.56
2020-01-27,    17145.10,    17229.80,    16994.35,    17009.60,      231780733,         6008.18
2020-01-28,    17048.45,    17121.10,    16914.65,    16966.10,      177995245,         4596.20
2020-01-29,    17047.55,    17124.90,    16988.65,    17006.85,      219981536,         4156.77
2020-01-30,    17004.55,    17017.80,    16804.20,    16869.80,      261414992,         4052.29
2020-01-31,    17039.65,    17065.60,    16901.70,    16936.35,      203894295,         5683.20
2020-02-01,    16876.60,    16986.90,    16380.45,    16419.70,      163726859,         3289.90
2020-02-03,    16419.80,    16653.40,    16326.90,    16605.15,      235186806,         5105.36
2020-02-04,    16706.95,    16975.85,    16688.75,    16932.25,      217453684,         4739.91
2020-02-05,    16977.00,    17119.10,    16909.35,    17086.35,      351560599,         5028.15
2020-02-06,    17134.90,    17342.50,    17046.40,    17250.50,      218973290,         4778.59
2020-02-07,    17299.60,    17302.30,    17114.45,    17181.50,      184327016,         3324.67
2020-02-10,    17220.75,    17220.85,    17041.25,    17081.25,      189487665,         3113.95
2020-02-11,    17173.15,    17318.70,    17167.45,    17201.75,      148473714,         3431.36
2020-02-12,    17231.60,    17347.40,    17204.90,    17318.95,      155951181,         3940.99
2020-02-13,    17365.40,    17365.40,    17049.90,    17083.00,      215090915,         3571.57
2020-02-14,    17114.05,    17185.35,    16815.00,    16871.45,      263807675,         4984.48
2020-02-17,    16885.60,    16976.20,    16768.70,    16808.85,      174978908,         3676.50
2020-02-18,    16790.40,    16807.85,    16538.05,    16689.40,      310426512,         4824.41
2020-02-19,    16867.00,    16890.35,    16706.50,    16838.70,      199736911,         4448.23
2020-02-20,    16863.05,    16992.70,    16778.35,    16895.00,      201137589,         5142.79
2020-02-24,    16741.80,    16756.35,    16615.45,    16631.35,      174381041,         4325.00
2020-02-25,    16662.15,    16699.10,    16537.75,    16589.30,      147818110,         3622.44
2020-02-26,    16507.15,    16618.25,    16413.85,    16495.20,      214074027,         4246.71
2020-02-27,    16485.35,    16492.80,    16292.70,    16470.70,      261636946,         5506.51
2020-02-28,    16119.15,    16146.90,    15906.25,    15953.60,      265534390,         7081.73
2020-03-02,    16238.90,    16300.00,    15698.70,    15861.55,      236756614,         5621.75
2020-03-03,    15930.45,    16101.10,    15811.30,    16054.95,      252045440,         5067.04
2020-03-04,    16093.40,    16103.80,    15495.40,    15761.60,      304020521,         6297.16
2020-03-05,    15838.80,    16042.50,    15681.30,    15853.45,      870699167,         7478.69
2020-03-06,    15232.40,    15388.45,    14970.85,    15259.50,     1417313176,         8922.45
2020-03-09,    14836.80,    14870.95,    14212.45,    14480.40,      909973077,         9333.53
2020-03-11,    14365.00,    14684.60,    14343.65,    14548.00,      577064041,         8165.92
2020-03-12,    13804.80,    13861.50,    12996.75,    13232.30,      582345873,        11059.44
2020-03-13,    12491.65,    14009.80,    11757.60,    13740.55,      535715523,        12299.31
2020-03-16,    13147.95,    13164.10,    12504.60,    12557.10,      354372412,         7639.68
2020-03-17,    12691.95,    12817.65,    11981.75,    12053.05,      413762520,         8825.56
2020-03-18,    12193.65,    12263.00,    10895.80,    11069.65,      702752845,        14998.87
2020-03-19,    10430.35,    11248.10,     9994.65,    10789.75,      309005846,         9744.99
2020-03-20,    10676.90,    11234.25,    10300.05,    10927.90,      360418755,        11781.11
2020-03-23,     9859.85,    10104.35,     8906.05,     8974.30,      211859039,         6517.38
2020-03-24,     9400.05,     9478.50,     8487.25,     9050.50,      279625553,         8480.93
2020-03-25,     8852.30,     9906.70,     8794.90,     9775.85,      274667755,         8251.08
2020-03-26,     9959.10,    10990.00,     9779.60,    10556.20,      317203372,        11007.60
2020-03-27,    11241.15,    11586.75,    10505.10,    10738.15,      357598614,        12333.81
2020-03-30,    10317.85,    10599.85,    10007.15,    10089.40,      233395487,         7859.19
2020-03-31,    10358.65,    10371.80,    10021.25,    10173.70,      211857127,         6941.47
2020-04-01,    10206.10,    10225.85,     9590.25,     9685.10,      181390330,         6267.30
2020-04-03,     9753.15,     9753.15,     9094.95,     9157.10,      239020764,         7209.82
2020-04-07,     9823.80,    10234.75,     9569.80,    10169.40,      317960569,        10278.32
2020-04-08,    10042.45,    10909.45,     9857.65,    10158.40,      372426487,        11998.75
2020-04-09,    10503.60,    10732.60,    10276.00,    10695.00,      279415322,         8869.92
2020-04-13,    10658.80,    10693.00,    10354.85,    10500.90,      207422922,         6577.38
2020-04-15,    10845.95,    10894.60,    10130.95,    10278.95,      277192358,         9692.39
2020-04-16,    10220.70,    10508.55,    10069.10,    10442.65,      251539282,         9134.27
2020-04-17,    11009.80,    11317.70,    10672.40,    11212.10,      324847018,        10641.24
2020-04-20,    11458.25,    11467.85,    11039.25,    11082.90,      269133739,         9792.58
2020-04-21,    10673.75,    10723.00,    10349.95,    10430.70,      215059293,         7100.31
2020-04-22,    10368.05,    10641.10,    10233.65,    10580.65,      243752658,         7777.23
2020-04-23,    10689.75,    10964.20,    10533.65,    10915.55,      239686473,         7913.73
2020-04-24,    10588.90,    10740.40,    10505.50,    10542.60,      209507838,         6733.63
2020-04-27,    10691.10,    10910.60,    10679.65,    10857.55,      230395176,         7213.77
2020-04-28,    11091.90,    11298.55,    10979.25,    11243.55,      290369741,         9327.43
2020-04-29,    11091.75,    11601.90,    11064.95,    11455.70,      299844010,        11091.73
2020-04-30,    11739.85,    11981.60,    11639.00,    11743.45,      339292572,         9688.92
2020-05-04,    11179.20,    11189.00,    10675.15,    10733.65,      228635342,         6456.15
2020-05-05,    10964.65,    11018.05,    10492.85,    10526.95,      246137257,         7346.27
2020-05-06,    10538.65,    10851.65,    10342.10,    10787.10,      272467522,         8375.79
2020-05-07,    10690.40,    10832.25,    10587.95,    10692.60,      226592190,         6877.79
2020-05-08,    10897.70,    10976.85,    10571.95,    10613.45,      241396654,         6919.30
2020-05-11,    10765.40,    10838.40,    10348.10,    10379.25,      252812903,         7582.08
2020-05-12,    10271.75,    10381.55,    10006.80,    10310.75,      279119222,         9094.23
2020-05-13,    10944.30,    11008.40,    10609.50,    10718.90,      344310985,        10285.03
2020-05-14,    10483.05,    10599.40,    10420.50,    10444.75,      240409314,         6820.51
2020-05-15,    10468.90,    10479.90,    10229.60,    10315.10,      162874486,         4862.88
2020-05-18,    10293.40,    10293.40,     9569.95,     9603.20,      294752011,         8558.89
2020-05-19,     9867.40,     9947.05,     9507.35,     9568.85,      275989542,         8213.45
2020-05-20,     9560.45,     9849.70,     9520.80,     9764.85,      215133088,         6373.69
2020-05-21,     9800.85,     9947.15,     9652.80,     9697.45,      207368631,         6542.37
2020-05-22,     9586.65,     9798.65,     9317.15,     9421.55,      319894771,         8421.24
2020-05-26,     9564.10,     9648.75,     9439.35,     9511.20,      238411818,         5959.20
2020-05-27,     9606.60,    10311.35,     9585.40,    10220.45,      381182654,        11317.54
2020-05-28,    10344.60,    10658.00,    10291.20,    10505.40,      392163277,        12854.26
2020-05-29,    10385.45,    10614.15,    10253.30,    10583.15,      455734640,         9786.60
2020-06-01,    10822.05,    11081.50,    10770.45,    10925.50,      315127415,         8182.14
2020-06-02,    11027.35,    11326.25,    10880.05,    11275.05,      293121271,         9845.93
2020-06-03,    11526.90,    11866.35,    11417.65,    11485.10,      349409537,        11687.20
2020-06-04,    11469.05,    11578.15,    11095.45,    11128.70,      305918072,         9683.58
2020-06-05,    11185.40,    11485.90,    11113.85,    11399.70,      263844388,         7635.84
2020-06-08,    11712.05,    11826.20,    11378.35,    11545.60,      419931504,        11194.46
2020-06-09,    11613.85,    11781.05,    11261.90,    11312.90,      410442689,        11910.18
2020-06-10,    11335.15,    11640.70,    11294.95,    11546.35,      388464494,        10401.17
2020-06-11,    11547.80,    11654.70,    11275.10,    11313.25,      505665226,        12758.97
2020-06-12,    10730.30,    11437.35,    10728.45,    11383.50,      411221330,        11964.64
2020-06-15,    11278.35,    11287.85,    10860.65,    10946.30,      300770931,         9213.34
2020-06-16,    11279.00,    11358.20,    10702.20,    11155.00,      379089374,        12373.89
2020-06-17,    11065.30,    11346.90,    10983.90,    11114.55,      293111723,         9413.19
2020-06-18,    11079.00,    11550.60,    11014.35,    11513.75,      232936883,         8175.12
2020-06-19,    11511.30,    11767.50,    11450.25,    11680.25,      360342013,        11504.19
2020-06-22,    11777.15,    12108.10,    11743.15,    11902.40,      432602524,        10119.51
2020-06-23,    11986.85,    12263.90,    11880.35,    12230.05,      317641941,         9028.72
2020-06-24,    12344.95,    12346.20,    11682.65,    11739.45,      415160013,        12199.97
2020-06-25,    11629.20,    11894.40,    11461.00,    11782.60,      396893239,        13772.46
2020-06-26,    11905.75,    11950.65,    11697.35,    11854.60,      253623212,         8673.18
2020-06-29,    11684.60,    11764.75,    11530.90,    11718.70,      215728946,         7435.80
2020-06-30,    11821.35,    11883.80,    11636.20,    11721.25,      203528097,         7242.85
2020-07-01,    11712.90,    12089.15,    11670.25,    12042.30,      240047766,         8903.18
2020-07-02,    12137.30,    12252.85,    12011.60,    12043.50,      274351500,         9796.15
2020-07-03,    12127.30,    12145.00,    11936.80,    11987.65,      173078970,         6188.12
2020-07-06,    12219.15,    12292.45,    12157.60,    12175.65,      187768347,         6846.57
2020-07-07,    12222.30,    12530.95,    12117.65,    12499.00,      334649378,        10370.18
2020-07-08,    12550.40,    12740.10,    12407.50,    12460.15,      357314007,        12784.66
2020-07-09,    12558.45,    12655.60,    12495.75,    12606.55,      194481701,         6947.44
2020-07-10,    12504.90,    12544.05,    12258.45,    12306.55,      209636547,         6243.59
2020-07-13,    12423.15,    12448.15,    12089.20,    12143.50,      173653523,         6078.40
2020-07-14,    12020.45,    12036.90,    11645.35,    11740.15,      220787356,         6747.07
2020-07-15,    11880.65,    12054.60,    11646.95,    11713.00,      248691172,         7455.59
2020-07-16,    11785.95,    11895.55,    11536.90,    11855.75,      263595905,         6834.57
2020-07-17,    11868.75,    12108.15,    11836.60,    12057.80,      210470129,         6377.98
2020-07-20,    12241.00,    12352.25,    12177.45,    12245.25,      253471708,         9095.25
2020-07-21,    12422.30,    12528.50,    12392.10,    12489.45,      209278446,         8425.35
2020-07-22,    12715.15,    12749.75,    12439.95,    12571.40,      297802045,         9937.40
2020-07-23,    12554.20,    12669.25,    12488.60,    12643.05,      196493536,         6490.12
2020-07-24,    12512.75,    12514.30,    12296.10,    12457.80,      333651598,         8539.16
2020-07-27,    12464.60,    12469.30,    11978.65,    12004.40,      242151884,         8263.26
2020-07-28,    12057.55,    12228.45,    11889.05,    12155.70,      284398951,        10345.61
2020-07-29,    12161.85,    12288.50,    12058.45,    12147.40,      268442912,         8527.52
2020-07-30,    12203.95,    12230.25,    11864.45,    11906.95,      201402902,         6564.88
2020-07-31,    11946.25,    11969.55,    11737.25,    11874.75,      189724173,         6312.43
2020-08-03,    11802.80,    11802.80,    11471.70,    11493.00,      303106056,         9557.34
2020-08-04,    11597.00,    11772.00,    11469.60,    11725.20,      208584360,         8142.24
2020-08-05,    11839.90,    11973.10,    11715.80,    11749.25,      227676460,         7317.33
2020-08-06,    11824.80,    11977.75,    11663.25,    11827.40,      281838607,         8260.71
2020-08-07,    11812.85,    11949.65,    11718.70,    11930.40,      280818345,         6624.05
2020-08-10,    11965.10,    12082.35,    11913.20,    11969.90,      167915050,         4816.59
2020-08-11,    12059.25,    12195.95,    12050.40,    12169.90,      282816560,         7071.27
2020-08-12,    12103.20,    12167.10,    12016.95,    12124.45,      217221827,         5592.58
2020-08-13,    12189.05,    12217.25,    12062.55,    12090.45,      174304297,         4876.06
2020-08-14,    12176.30,    12176.30,    11706.50,    11831.95,      206305071,         5878.61
2020-08-17,    11954.65,    11956.05,    11709.35,    11882.25,      164527566,         4930.58
2020-08-18,    11885.20,    12172.45,    11847.50,    12143.55,      209383209,         5725.17
2020-08-19,    12217.30,    12258.20,    12155.90,    12192.15,      199491679,         5335.57
2020-08-20,    12037.90,    12085.00,    11973.05,    12032.50,      215071145,         6275.70
2020-08-21,    12122.55,    12210.95,    12106.20,    12185.80,      193849122,         5818.54
2020-08-24,    12262.00,    12527.10,    12249.40,    12484.50,      218010247,         6656.01
2020-08-25,    12557.45,    12655.70,    12491.20,    12596.30,      254140362,         7862.80
2020-08-26,    12652.80,    12844.55,    12605.85,    12818.50,      236699999,         8076.10
2020-08-27,    12878.95,    13009.75,    12853.45,    12936.85,      278557459,         9688.58
2020-08-28,    12947.35,    13575.60,    12922.15,    13501.90,      540371683,        17121.63
2020-08-31,    13792.95,    13901.95,    12839.50,    13052.25,      471994423,        15681.65
2020-09-01,    13132.25,    13311.05,    12879.70,    13045.60,      328733252,         9757.43
2020-09-02,    13027.45,    13155.15,    12885.05,    13126.95,      185508430,         6084.76
2020-09-03,    13191.05,    13226.05,    12903.15,    12946.00,      143881636,         4909.32
2020-09-04,    12697.15,    12884.45,    12576.15,    12671.40,      230179617,         7277.14
2020-09-07,    12681.05,    12709.85,    12484.20,    12608.15,      163548214,         5062.52
2020-09-08,    12622.35,    12674.45,    12439.20,    12495.20,      158026777,         5044.63
2020-09-09,    12354.60,    12400.25,    12169.85,    12271.00,      200534383,         5690.23
2020-09-10,    12378.95,    12500.95,    12251.00,    12392.20,      180819111,         5624.64
2020-09-11,    12409.65,    12495.40,    12242.45,    12372.40,      142640062,         4713.15
2020-09-14,    12480.50,    12540.25,    12163.05,    12205.50,      180015083,         5222.58
2020-09-15,    12256.50,    12465.70,    12174.55,    12431.90,      161827693,         4981.50
2020-09-16,    12449.00,    12537.40,    12289.55,    12485.25,      157623530,         5018.83
2020-09-17,    12357.50,    12457.40,    12322.45,    12354.65,      150352388,         4226.26
2020-09-18,    12426.25,    12439.20,    12067.30,    12207.95,      225677006,         7483.82
2020-09-21,    12173.60,    12230.05,    11743.95,    11797.30,      174978735,         5578.53
2020-09-22,    11837.20,    11852.45,    11540.25,    11634.40,      217859943,         6189.53
2020-09-23,    11752.60,    11761.65,    11456.90,    11658.85,      194511735,         4749.99
2020-09-24,    11504.30,    11537.45,    11219.00,    11247.30,      182730612,         5241.74
2020-09-25,    11403.40,    11586.75,    11230.00,    11540.95,      181872965,         4903.27
2020-09-28,    11638.95,    11977.50,    11585.40,    11951.10,      157165142,         4631.57
2020-09-29,    12008.15,    12029.85,    11733.20,    11799.35,      148586919,         4289.41
2020-09-30,    11797.25,    11870.35,    11643.60,    11816.65,      146485722,         4445.49
2020-10-01,    11955.90,    12329.70,    11939.25,    12302.20,      221717788,         7123.20
2020-10-05,    12357.25,    12626.95,    12327.95,    12399.75,      227576574,         7239.41
2020-10-06,    12569.00,    12706.45,    12486.05,    12683.55,      163237847,         5454.37
2020-10-07,    12665.75,    12786.00,    12531.45,    12753.30,      156437704,         5433.20
2020-10-08,    12857.75,    13012.05,    12801.85,    12876.10,      177593496,         6916.28
2020-10-09,    12942.10,    13240.65,    12849.55,    13211.20,      221217385,         8813.46
2020-10-12,    13273.50,    13382.90,    13041.20,    13131.60,      143746891,         5378.15
2020-10-13,    13094.95,    13149.10,    12968.95,    13006.55,      112017882,         4520.93
2020-10-14,    12923.45,    13246.30,    12807.70,    13198.70,      135666550,         4960.02
2020-10-15,    13218.40,    13316.75,    12701.50,    12761.00,      181554580,         6666.74
2020-10-16,    12842.75,    13083.30,    12816.30,    13023.20,      157554377,         5103.73
2020-10-19,    13232.25,    13469.95,    13148.65,    13434.35,      263054673,         8385.53
2020-10-20,    13358.20,    13505.85,    13302.95,    13461.55,      159703243,         5645.85
2020-10-21,    13530.80,    13752.20,    13338.40,    13630.60,      229825742,         8784.74
2020-10-22,    13524.00,    13660.10,    13407.95,    13534.60,      169802528,         6469.26
2020-10-23,    13641.20,    13685.55,    13466.25,    13529.85,      126776560,         4609.11
2020-10-26,    13576.45,    13604.80,    13226.50,    13338.80,      152249860,         5858.65
2020-10-27,    13456.10,    13777.85,    13250.45,    13755.95,      203783993,        10885.93
2020-10-28,    13736.30,    13772.85,    13363.40,    13454.70,      178106558,         6477.96
2020-10-29,    13357.00,    13504.85,    13226.55,    13378.65,      225829365,         8471.45
2020-10-30,    13373.55,    13470.45,    13102.90,    13258.00,      159889446,         5277.22
2020-11-02,    13515.70,    13965.15,    13398.95,    13820.25,      270176030,        10337.05
2020-11-03,    13932.50,    14286.20,    13922.70,    14246.20,      229674153,         9117.11
2020-11-04,    14168.75,    14361.50,    13951.70,    14303.60,      210821927,         8731.43
2020-11-05,    14486.45,    14597.45,    14377.55,    14574.35,      182553224,         7477.41
2020-11-06,    14550.95,    14915.75,    14467.30,    14882.70,      227956869,         9480.95
2020-11-09,    15037.60,    15398.80,    15027.70,    15371.20,      230707459,         9548.76
2020-11-10,    15639.65,    16071.80,    15554.85,    15946.85,      379952168,        16198.01
2020-11-11,    16007.10,    16126.25,    15660.35,    16018.75,      307489774,        15269.44
2020-11-12,    15908.90,    15922.75,    15596.55,    15727.85,      193876542,         9738.36
2020-11-13,    15627.30,    15885.50,    15407.75,    15846.50,      202490101,         8962.22
2020-11-14,    15964.15,    16010.15,    15827.70,    15920.55,       28013504,          950.47
2020-11-17,    16027.20,    16225.55,    15957.85,    16195.80,      186709939,         8864.07
2020-11-18,    16159.80,    16532.15,    16132.20,    16513.20,      255242977,         9529.62
2020-11-19,    16270.70,    16449.00,    16027.90,    16081.05,      220121190,         9966.61
2020-11-20,    16086.10,    16312.25,    15872.85,    16216.45,      197691693,         9495.87
2020-11-23,    16353.40,    16391.60,    16063.20,    16166.85,      297094582,        11223.22
2020-11-24,    16298.45,    16592.35,    16263.00,    16542.95,      240445316,        10923.34
2020-11-25,    16709.10,    16793.85,    16198.05,    16232.90,      278347810,        11068.36
2020-11-26,    16331.55,    16433.60,    16060.55,    16390.40,      202780820,         9372.44
2020-11-27,    16440.75,    16515.45,    16329.30,    16473.10,      310293525,        22561.43
2020-12-01,    16615.05,    16648.40,    16414.95,    16597.25,      173392223,         7388.22
2020-12-02,    16640.50,    16645.75,    16227.75,    16402.55,      181476923,         7247.24
2020-12-03,    16537.05,    16549.35,    16283.05,    16321.60,      163083474,         7545.33
2020-12-04,    16397.55,    16711.65,    16346.95,    16648.10,      194954622,         8255.89
2020-12-07,    16661.35,    16808.95,    16603.50,    16722.90,      211164231,         9362.11
2020-12-08,    16770.60,    16780.90,    16603.05,    16685.70,      161150326,         6686.50
2020-12-09,    16737.10,    17008.15,    16728.30,    16962.00,      163537723,         6828.69
2020-12-10,    16875.70,    16928.60,    16689.85,    16854.00,      166549648,         6472.60
2020-12-11,    16884.15,    17012.60,    16741.25,    16907.20,      171864297,         7295.09
2020-12-14,    16978.40,    17043.85,    16927.05,    16986.80,      148200413,         5855.45
2020-12-15,    17023.50,    17023.95,    16777.45,    16982.10,      146964574,         6766.75
2020-12-16,    17110.80,    17117.95,    16939.50,    16999.60,      109758113,         5140.65
2020-12-17,    17040.60,    17141.75,    16964.85,    17087.90,      129990258,         6387.44
2020-12-18,    17088.50,    17095.35,    16794.50,    16961.70,      148089923,         6953.09
2020-12-21,    16906.95,    16914.45,    16119.10,    16265.15,      213212846,         8078.54
2020-12-22,    16348.45,    16408.00,    15990.45,    16358.45,      243770471,         8816.74
2020-12-23,    16333.95,    16550.05,    16265.80,    16515.20,      142884249,         5390.16
2020-12-24,    16620.40,    16858.40,    16581.35,    16777.80,      122643411,         5255.31
2020-12-28,    16862.15,    17057.80,    16855.25,    17023.55,      108307038,         3914.17
2020-12-29,    17096.55,    17310.25,    17095.15,    17288.20,      143729663,         6533.57
2020-12-30,    17379.25,    17395.75,    17112.25,    17263.70,      112180963,         5247.33
2020-12-31,17275.7,17328.6,17158.85,17251.75,124372781,5853.03
2021-01-01,    17268.75,    17314.20,    17177.55,    17196.50,       68340207,         2855.15
2021-01-04,    17338.60,    17338.60,    17022.65,    17181.65,      172472146,         5471.30
2021-01-05,    17094.25,    17538.25,    17027.75,    17513.80,      230767590,         8350.93
2021-01-06,    17579.00,    17649.05,    17405.10,    17547.05,      257927809,         8421.81
2021-01-07,    17738.25,    17781.45,    17634.70,    17677.75,      352250448,         7956.60
2021-01-08,    17872.45,    17872.45,    17717.55,    17756.05,      187083161,         6300.74
2021-01-11,    17859.10,    17863.55,    17615.80,    17699.35,      133748222,         5304.68
2021-01-12,    17609.80,    17868.05,    17539.45,    17784.05,      211990249,         7115.30
2021-01-13,    17885.20,    17927.75,    17631.45,    17803.30,      201617723,         7389.57
2021-01-14,    17782.25,    17912.65,    17742.45,    17782.10,      124315566,         5693.57
2021-01-15,    17785.20,    17796.80,    17534.15,    17641.65,      204144758,         5674.80
2021-01-18,    17650.85,    17701.00,    17318.10,    17401.35,      171546665,         8294.10
2021-01-19,    17546.50,    17771.25,    17426.95,    17752.85,      174592359,         5830.23
2021-01-20,    17734.75,    17853.35,    17684.45,    17799.65,      238031997,         5631.06
2021-01-21,    17918.00,    18004.45,    17522.95,    17622.25,      220580479,         8304.40
2021-01-22,    17560.25,    17584.65,    17039.80,    17063.75,      225168189,         8000.76
2021-01-25,    17266.65,    17331.15,    16951.95,    17043.90,      186457596,         7971.39
2021-01-27,    17069.70,    17087.30,    16469.05,    16524.35,      196792335,         8791.00
2021-01-28,    16260.00,    16614.10,    16215.95,    16553.00,      284669047,        12534.41
2021-01-29,    16742.00,    16965.00,    16525.00,    16694.30,      251343340,        10241.60
2021-02-01,    16912.55,    18150.70,    16886.25,    18040.05,      335424534,        14361.49
2021-02-02,    18314.00,    18851.15,    18308.00,    18587.60,      281710058,        13258.27
2021-02-03,    18754.75,    18989.85,    18476.70,    18902.70,      215069450,        11256.20
2021-02-04,    18774.40,    19128.50,    18593.65,    19080.50,      208242151,        10131.64
2021-02-05,    19050.80,    19486.35,    18895.65,    18949.60,      266748305,        13944.37
2021-02-08,    19164.15,    19381.30,    19083.00,    19133.05,      118167301,         6152.33
2021-02-09,    19188.25,    19387.90,    18977.55,    19167.05,      199513749,         7377.02
2021-02-10,    19182.35,    19273.40,    18838.00,    19029.80,      146962385,         6631.81
2021-02-11,    18981.40,    19144.90,    18951.40,    19045.80,      146349239,         5012.86
2021-02-12,    19034.40,    19351.40,    19026.90,    19228.70,      142377475,         6076.46
2021-02-15,    19440.25,    19938.10,    19387.60,    19866.55,      177117561,         7000.50
2021-02-16,    19949.60,    20068.55,    19572.95,    19777.35,      191371511,         8859.16
2021-02-17,    19756.55,    19821.50,    19528.30,    19589.20,      201534476,         7524.89
2021-02-18,    19603.65,    19603.65,    19229.95,    19366.90,      173138405,         7194.61
2021-02-19,    19235.95,    19439.90,    18936.65,    19066.00,      378556108,         8714.29
2021-02-22,    19076.90,    19216.40,    18669.20,    18732.80,      224643146,         8471.80
2021-02-23,    18885.25,    18935.75,    18571.65,    18644.75,      164865875,         6936.05
2021-02-24,    18690.80,    19432.15,    18614.50,    19366.05,      116987458,         5310.13
2021-02-25,    19535.20,    19818.25,    19431.30,    19461.00,      228724265,        10217.09
2021-02-26,    19043.00,    19106.85,    18448.20,    18551.75,      241000744,        12283.30
2021-03-01,    18858.40,    18962.40,    18638.95,    18804.35,      120555747,         5591.75
2021-03-02,    18903.90,    19049.30,    18668.40,    18906.10,      135389244,         5982.34
2021-03-03,    19089.75,    19457.55,    18987.70,    19425.55,      205224031,         6494.97
2021-03-04,    18993.80,    19445.65,    18955.10,    19178.20,      211719854,         7457.19
2021-03-05,    18978.95,    19093.10,    18704.35,    18875.05,      180913265,         7901.20
2021-03-08,    18994.25,    19180.10,    18754.10,    18857.60,      123829062,         6171.36
2021-03-09,    19085.75,    19299.85,    19022.80,    19192.50,      141661369,         7665.50
2021-03-10,    19328.20,    19371.40,    19154.15,    19250.75,      105703814,         5123.63
2021-03-12,    19555.55,    19555.55,    18876.60,    19033.90,      128424184,         5985.52
2021-03-15,    19058.15,    19058.15,    18445.40,    18828.60,      153676085,         6523.36
2021-03-16,    18924.35,    18952.65,    18614.90,    18644.30,      109617741,         4798.71
2021-03-17,    18698.45,    18811.15,    18305.55,    18356.55,      126241844,         5618.58
2021-03-18,    18547.85,    18634.05,    18008.60,    18141.15,      142365096,         5610.71
2021-03-19,    17993.65,    18424.30,    17891.25,    18305.80,      203026904,         7796.76
2021-03-22,    18255.00,    18295.20,    17890.85,    17993.80,      133778865,         5982.50
2021-03-23,    18075.60,    18400.15,    17992.65,    18305.90,      150808503,         7028.69
2021-03-24,    18158.15,    18202.45,    17785.20,    17838.10,      134314681,         5732.62
2021-03-25,    17907.25,    17987.50,    17389.45,    17699.15,      183327921,         7491.75
2021-03-26,    18019.40,    18023.10,    17767.65,    17845.40,      116835103,         4888.68
2021-03-30,    18013.45,    18199.20,    17972.65,    18099.25,      161646540,         7961.73
2021-03-31,    18047.80,    18056.15,    17715.40,    17763.85,      368083171,         6897.72
2021-04-01,    17912.00,    18141.40,    17734.25,    18093.00,      235483163,         6917.04
2021-04-05,    17993.20,    18017.95,    17267.20,    17469.00,      232895586,         6116.65
2021-04-06,    17608.15,    17674.90,    17309.30,    17398.75,      184141405,         5250.62
2021-04-07,    17415.45,    17745.95,    17211.30,    17664.85,      207139082,         6348.49
2021-04-08,    17746.15,    17824.30,    17510.95,    17553.00,      184518514,         4953.73
2021-04-09,    17477.40,    17622.60,    17311.55,    17392.15,      204511606,         6211.55
2021-04-12,    16937.40,    16980.65,    16343.75,    16481.95,      362247522,         7414.04
2021-04-13,    16539.20,    17079.85,    16450.05,    17017.55,      274044283,         6232.31
2021-04-15,    17079.95,    17190.65,    16778.30,    17157.35,      247160572,         8082.34
2021-04-16,    17187.05,    17268.25,    17044.80,    17097.20,      208469745,         5235.46
2021-04-19,    16566.25,    16709.25,    16262.45,    16656.50,      268913018,         7085.34
2021-04-20,    16856.25,    16935.85,    16507.95,    16620.10,      221833007,         6060.20
2021-04-22,    16435.80,    16946.80,    16322.05,    16918.35,      238205631,         8363.34
2021-04-23,    16782.30,    17133.30,    16717.60,    16911.00,      254593345,         6908.11
2021-04-26,    17249.80,    17375.30,    17136.15,    17211.90,      260446212,         9223.65
2021-04-27,    17188.45,    17489.60,    17157.35,    17451.75,      281168918,         8228.42
2021-04-28,    17510.20,    18008.60,    17498.75,    17973.80,      281758146,        10441.01
2021-04-29,    18083.70,    18284.40,    17759.95,    18006.30,      323294975,         8937.27
2021-04-30,    17711.95,    17927.45,    17524.15,    17582.45,      298975831,         8236.81
2021-05-03,    17318.65,    17455.85,    17104.10,    17387.40,      406254449,         7658.97
2021-05-04,    17465.00,    17664.10,    17222.45,    17274.45,      289635269,         6259.53
2021-05-05,    17425.20,    17584.15,    17183.85,    17543.05,      175410392,         4870.56
2021-05-06,    17599.90,    17628.55,    17408.70,    17532.30,      237721608,         4635.84
2021-05-07,    17656.05,    17763.60,    17508.00,    17556.25,      231176657,         4146.17
2021-05-10,    17685.30,    17748.25,    17606.25,    17669.95,      262210119,         4707.59
2021-05-11,    17403.60,    17660.35,    17390.60,    17508.95,      276972896,         5013.27
2021-05-12,    17431.15,    17455.60,    17180.05,    17222.60,      289688449,         4787.70
2021-05-14,    17244.60,    17301.20,    17031.20,    17073.65,      191831750,         4208.63
2021-05-17,    17210.65,    17744.75,    17138.05,    17722.90,      311261380,         6732.37
2021-05-18,    17937.35,    18111.00,    17896.70,    17993.15,      303750003,         7693.01
2021-05-19,    17877.55,    17982.40,    17809.25,    17847.85,      193338589,         4713.58
2021-05-20,    17837.05,    17927.90,    17643.80,    17670.45,      190818846,         5047.63
2021-05-21,    17775.65,    18350.10,    17775.65,    18310.70,      274902087,         7252.30
2021-05-24,    18364.40,    18595.75,    18228.25,    18445.55,      498133857,         6974.39
2021-05-25,    18520.25,    18536.65,    18143.25,    18278.95,      215270313,         5029.37
2021-05-26,    18329.85,    18384.90,    18169.40,    18278.65,      222957737,         4217.53
2021-05-27,    18268.95,    18491.05,    18174.60,    18433.70,      350768122,         7332.00
2021-05-28,    18549.25,    18605.30,    18386.80,    18492.55,      230965158,         5837.55
2021-05-31,    18472.60,    18724.75,    18385.95,    18694.90,      166008436,         4783.58
2021-06-01,    18750.50,    18780.20,    18489.20,    18521.60,      150723974,         3771.36
2021-06-02,    18491.65,    18565.85,    18381.05,    18543.05,      232045630,         4840.95
2021-06-03,    18640.40,    18712.80,    18559.65,    18674.30,      204394887,         5221.79
2021-06-04,    18704.40,    18771.75,    18450.60,    18523.35,      286358518,         4317.90
2021-06-07,    18616.95,    18740.70,    18561.55,    18690.60,      641507521,         3704.88
2021-06-08,    18690.85,    18697.20,    18451.40,    18506.95,      361381916,         3567.49
2021-06-09,    18527.95,    18673.75,    18264.70,    18346.35,      362175331,         4608.08
2021-06-10,    18394.80,    18528.40,    18308.55,    18511.80,      216922759,         3536.71
2021-06-11,    18616.10,    18625.85,    18371.10,    18435.80,      205850548,         2765.22
2021-06-14,    18389.30,    18389.30,    18098.85,    18352.70,      244106434,         3401.11
2021-06-15,    18412.35,    18577.20,    18352.55,    18549.95,      156632418,         3667.91
2021-06-16,    18529.05,    18615.80,    18372.40,    18416.90,      145497312,         3175.29
2021-06-17,    18223.85,    18357.75,    18116.80,    18199.90,      200122910,         3721.05
2021-06-18,    18262.80,    18303.90,    17850.15,    18209.70,      215526528,         4192.59
2021-06-21,    17983.95,    18401.35,    17906.35,    18373.50,      233717429,         3919.06
2021-06-22,    18487.35,    18589.65,    18267.70,    18308.90,      191134370,         4103.38
2021-06-23,    18397.80,    18408.00,    18166.90,    18191.60,      159932128,         4114.86
2021-06-24,    18250.85,    18385.35,    18201.40,    18335.75,      164188489,         3796.85
2021-06-25,    18357.35,    18666.55,    18357.35,    18586.40,      159604412,         5275.54
2021-06-28,    18649.85,    18695.90,    18526.10,    18599.15,      179846082,         3924.63
2021-06-29,    18571.70,    18580.35,    18347.75,    18406.70,      180867710,         5196.04
2021-06-30,    18404.25,    18523.40,    18268.45,    18293.50,      247858594,         4746.22
2021-07-01,    18332.90,    18355.75,    18214.70,    18232.10,      138195092,         3628.47
2021-07-02,    18259.30,    18325.85,    18205.05,    18274.20,      121390854,         3107.80
2021-07-05,    18378.50,    18492.55,    18346.70,    18465.20,      166982916,         2629.80
2021-07-06,    18438.50,    18732.70,    18432.45,    18635.85,      152398553,         4008.73
2021-07-07,    18619.20,    18753.85,    18549.95,    18738.50,      155314265,         3486.53
2021-07-08,    18658.05,    18775.55,    18425.50,    18499.65,      153836557,         3371.23
2021-07-09,    18431.65,    18455.10,    18257.30,    18376.80,      147171350,         3186.80
2021-07-12,    18503.90,    18562.85,    18379.75,    18454.00,      232812893,         3527.78
2021-07-13,    18605.30,    18733.80,    18524.55,    18708.55,      188252069,         4607.45
2021-07-14,    18660.40,    18768.15,    18580.35,    18694.00,       99093479,         2941.73
2021-07-15,    18731.05,    18862.55,    18669.00,    18810.00,      255632538,         3178.32
2021-07-16,    18840.85,    18840.85,    18678.55,    18710.00,      140676517,         2515.13
2021-07-19,    18354.25,    18501.15,    18260.55,    18330.20,      180667230,         4200.31
2021-07-20,    18192.85,    18242.35,    17943.70,    17966.85,      228976756,         4569.18
2021-07-22,    18161.40,    18278.60,    18061.95,    18126.60,      149057779,         3576.13
2021-07-23,    18168.30,    18331.80,    17987.05,    18287.15,      206376674,         4362.24
2021-07-26,    18281.05,    18386.90,    18137.90,    18270.80,      377283534,         5637.52
2021-07-27,    18324.00,    18387.60,    18082.35,    18116.00,      240976810,         5476.69
2021-07-28,    18160.10,    18164.85,    17807.80,    18023.00,      227932341,         5854.72
2021-07-29,    18139.00,    18150.70,    17964.85,    18005.95,      170716071,         3755.00
2021-07-30,    18011.40,    18062.05,    17883.15,    17975.85,      191495384,         4099.13
2021-08-02,    18055.70,    18130.95,    17980.70,    18036.65,      251366393,         4104.73
2021-08-03,    18012.20,    18309.15,    18007.25,    18290.55,      174946775,         4280.55
2021-08-04,    18381.35,    18720.85,    18351.45,    18645.25,      244676657,         7175.91
2021-08-05,    18645.25,    18687.90,    18453.70,    18576.70,      273187643,         6004.21
2021-08-06,    18601.35,    18716.70,    18531.85,    18621.05,      189898474,         4847.24
2021-08-09,    18621.70,    18801.80,    18522.10,    18748.85,      132691240,         3188.82
2021-08-10,    18705.60,    18900.55,    18684.45,    18739.15,      194534889,         4425.99
2021-08-11,    18821.25,    18827.15,    18459.90,    18613.80,      235472581,         3720.74
2021-08-12,    18618.85,    18693.65,    18557.15,    18660.60,      147658002,         2603.74
2021-08-13,    18700.85,    18791.20,    18640.70,    18736.55,      151221361,         3553.84
2021-08-16,    18701.75,    18773.10,    18660.60,    18704.60,      112998802,         2136.29
2021-08-17,    18617.00,    18658.70,    18430.80,    18551.10,      170969830,         2795.44
2021-08-18,    18725.80,    18734.55,    18316.45,    18382.75,      190016793,         4250.45
2021-08-20,    18184.85,    18257.25,    18051.15,    18120.65,      190422911,         4387.16
2021-08-23,    18319.80,    18319.80,    17984.15,    18119.15,      221924744,         3343.34
2021-08-24,    18159.40,    18451.30,    18079.15,    18397.45,      225980578,         4244.66
2021-08-25,    18431.85,    18496.55,    18293.70,    18335.50,      181020298,         3088.12
2021-08-26,    18288.95,    18464.85,    18255.95,    18373.35,      175454159,         3797.32
2021-08-27,    18345.10,    18424.60,    18241.70,    18406.25,      135374126,         3025.44
2021-08-30,    18508.65,    18809.55,    18459.30,    18774.65,      211964225,         3937.67
2021-08-31,    18785.10,    18893.55,    18727.70,    18837.65,      204259966,         5117.63
2021-09-01,    18914.70,    19162.35,    18851.85,    18923.00,      262983009,         5964.57
2021-09-02,    18933.45,    19103.35,    18874.50,    19068.60,      225235725,         3703.40
2021-09-03,    19094.50,    19228.90,    18920.00,    19024.15,      195454265,         4057.15
2021-09-06,    19091.30,    19106.10,    18901.05,    18921.90,      105399096,         2384.13
2021-09-07,    18906.85,    18989.80,    18687.35,    18869.20,      136802282,         3088.24
2021-09-08,    18911.20,    19069.70,    18853.40,    19017.30,      251314906,         5556.38
2021-09-09,    19003.45,    19067.45,    18908.00,    18972.65,      142546181,         2825.51
2021-09-13,    18952.80,    19003.00,    18792.05,    18872.10,      165701730,         2755.30
2021-09-14,    18957.75,    19098.75,    18931.15,    19066.90,      843443810,         4497.96
2021-09-15,    19042.25,    19229.90,    18998.20,    19185.70,      435061661,         4562.91
2021-09-16,    19272.35,    19732.05,    19254.40,    19698.50,     1098781413,         9145.24
2021-09-17,    19809.05,    19882.15,    19534.60,    19745.70,      739113773,         9238.19
2021-09-20,    19521.15,    19777.60,    19354.70,    19399.10,      263817222,         4028.66
2021-09-21,    19441.20,    19554.50,    19086.40,    19514.05,      200014474,         4569.50
2021-09-22,    19549.60,    19580.25,    19351.15,    19382.20,      153945049,         3356.76
2021-09-23,    19539.85,    19825.15,    19514.85,    19789.55,      164349478,         4369.09
2021-09-24,    19879.75,    19980.65,    19744.00,    19835.95,      164890664,         4583.57
2021-09-27,    19947.05,    20102.60,    19891.85,    19958.50,      120222048,         3711.99
2021-09-28,    20059.20,    20062.45,    19480.50,    19811.80,      208111533,         4443.30
2021-09-29,    19634.50,    19712.55,    19493.05,    19597.25,      309400789,         5450.58
2021-09-30,    19564.40,    19694.40,    19407.55,    19447.95,      127389847,         5411.46
2021-10-01,    19307.50,    19383.50,    19180.40,    19339.40,       77548933,         3540.37
2021-10-04,    19431.10,    19575.45,    19417.30,    19498.65,       68633589,         2769.33
2021-10-05,    19453.70,    19644.65,    19390.55,    19623.50,       73743987,         3228.23
2021-10-06,    19636.85,    19828.35,    19456.45,    19497.40,      110270291,         4781.16
2021-10-07,    19689.55,    19793.00,    19613.75,    19706.15,       92349283,         4082.30
2021-10-08,    19785.05,    19889.45,    19706.85,    19764.30,       94578090,         3590.27
2021-10-11,    19750.70,    20092.80,    19732.05,    19955.75,       77292880,         3676.57
2021-10-12,    19886.30,    20084.10,    19853.65,    20025.45,      101957062,         3007.54
2021-10-13,    20137.95,    20176.35,    20032.95,    20113.65,      106664862,         2662.92
2021-10-14,    20148.20,    20478.40,    20119.90,    20456.40,       99675142,         3880.38
2021-10-18,    20707.20,    20774.10,    20577.05,    20628.45,      156177865,         6547.09
2021-10-19,    20758.35,    20781.25,    20465.20,    20531.15,      104520956,         4059.12
2021-10-20,    20525.45,    20584.40,    20386.45,    20487.25,       88993990,         3902.86
2021-10-21,    20555.20,    20840.85,    20431.20,    20747.40,      130079643,         5617.38
2021-10-22,    20839.80,    21035.60,    20802.40,    20951.80,      244914454,         6644.68
2021-10-25,    21308.45,    21719.30,    21071.90,    21404.25,      295756674,        15549.13
2021-10-26,    21338.05,    21467.80,    21137.55,    21373.10,      210367281,         8165.95
2021-10-27,    21376.30,    21383.25,    21012.00,    21079.30,      183042431,         8778.91
2021-10-28,    21137.30,    21157.95,    20405.80,    20482.95,      163805697,         8374.11
2021-10-29,    20419.75,    20531.40,    19883.35,    20192.20,      163207975,         6854.17
2021-11-01,    20338.35,    20618.15,    20187.10,    20568.45,      140314524,         5574.29
2021-11-02,    20584.55,    20771.70,    20478.65,    20676.10,      185936732,         5851.31
2021-11-03,    20716.80,    20765.60,    20220.60,    20295.80,      123428669,         4553.02
2021-11-04,    20454.20,    20459.05,    20370.60,    20393.20,       17144803,          611.81
2021-11-08,    20363.65,    20363.65,    19958.40,    20198.90,      120988262,         7834.06
2021-11-09,    20252.30,    20300.60,    20074.80,    20176.00,      123282896,         5169.13
2021-11-10,    20104.25,    20110.95,    19938.05,    19985.70,      111353278,         4721.74
2021-11-11,    19934.30,    19943.15,    19677.30,    19800.10,       88722182,         3295.79
2021-11-12,    19881.15,    19938.40,    19771.45,    19890.05,       88840963,         4259.54
2021-11-15,    19955.45,    20084.70,    19830.90,    19896.15,       70726546,         3675.08
2021-11-16,    19898.45,    19915.35,    19655.20,    19704.00,       73451761,         3406.22
2021-11-17,    19604.45,    19758.60,    19512.95,    19542.20,       81911494,         3903.95
2021-11-18,    19550.10,    19631.45,    19329.65,    19418.50,       93269962,         4643.30
2021-11-22,    19569.25,    19576.55,    18792.40,    19028.40,      114571946,         5687.33
2021-11-23,    18839.05,    19153.30,    18773.30,    19064.10,      114983732,         5872.95
2021-11-24,    19118.70,    19383.40,    19034.90,    19153.65,      103755294,         6449.07
2021-11-25,    19121.45,    19189.70,    18965.65,    19119.80,       83548248,         4486.05
2021-11-26,    18835.90,    18860.95,    18317.75,    18384.45,      130666375,         5642.55
2021-11-29,    18526.45,    18533.30,    18071.25,    18348.20,      117813759,         5547.58
2021-11-30,    18337.55,    18780.00,    18129.45,    18213.85,      153282430,         7782.51
2021-12-01,    18323.80,    18602.05,    18272.25,    18566.50,      116589130,         5446.11
2021-12-02,    18528.15,    18672.85,    18465.50,    18642.00,       87880142,         4407.42
2021-12-03,    18644.60,    18818.40,    18434.50,    18500.70,       93327155,         4393.72
2021-12-06,    18533.60,    18552.20,    18224.95,    18241.65,       81251911,         3975.22
2021-12-07,    18428.30,    18791.40,    18386.25,    18694.10,      103318824,         6382.74
2021-12-08,    18926.70,    19056.25,    18822.35,    18985.10,      104362628,         6357.82
2021-12-09,    19019.15,    19049.75,    18791.80,    18909.05,       75785045,         4164.02
2021-12-10,    18927.20,    18961.55,    18794.80,    18910.35,      107360541,         3402.98
2021-12-13,    19052.20,    19159.35,    18816.55,    18842.60,       98264745,         4666.33
2021-12-14,    18761.35,    18881.15,    18629.70,    18817.75,       79800437,         5130.02
2021-12-15,    18828.95,    18913.40,    18739.45,    18761.55,       66130303,         3431.92
2021-12-16,    18917.15,    18943.35,    18544.25,    18624.85,       67294626,         3734.83
2021-12-17,    18595.60,    18626.55,    18081.75,    18122.70,       91545378,         4118.22
2021-12-20,    17908.85,    17935.85,    17298.50,    17527.95,      125401231,         5197.80
2021-12-21,    17732.25,    17839.65,    17506.50,    17628.60,       81160677,         3544.85
2021-12-22,    17758.60,    17896.60,    17667.30,    17853.95,       78306984,         3212.06
2021-12-23,    18008.00,    18077.15,    17842.10,    17910.75,       64314139,         2884.71
2021-12-24,    17968.50,    17983.95,    17587.40,    17733.00,       61917067,         2502.10
2021-12-27,    17541.00,    17839.10,    17348.30,    17793.90,      283575122,         6121.94
2021-12-28,    17927.75,    17948.60,    17777.80,    17864.95,      140831704,         3940.60
2021-12-29,    17857.70,    17996.05,    17767.40,    17844.50,       80624891,         2760.01
2021-12-30,    17802.65,    17907.85,    17692.95,    17854.80,      228910256,         5580.56
2021-12-31,    17871.30,    18112.95,    17870.60,    18041.85,      169714363,         3601.99
2022-01-03,    18090.15,    18567.40,    18044.60,    18531.85,      169321802,         4442.47
2022-01-04,    18604.90,    18720.95,    18481.15,    18682.20,      127463232,         4215.60
2022-01-05,    18729.40,    19153.10,    18629.25,    19078.50,      160358494,         6227.24
2022-01-06,    18855.75,    19123.10,    18743.95,    18998.00,      138883822,         4546.14
2022-01-07,    19092.25,    19317.55,    18953.35,    19113.55,      118008112,         4490.45
2022-01-10,    19211.50,    19434.45,    19208.25,    19410.45,      115942388,         3986.12
2022-01-11,    19430.10,    19485.25,    19224.25,    19419.75,      100754600,         3677.74
2022-01-12,    19571.90,    19643.35,    19502.65,    19613.95,      113719399,         4960.60
2022-01-13,    19620.15,    19620.15,    19435.75,    19493.60,      112650183,         5788.20
2022-01-14,    19393.15,    19493.95,    19254.60,    19450.65,      111483443,         4340.28
2022-01-17,    19376.10,    19558.85,    19316.10,    19353.00,       95820203,         5010.84
2022-01-18,    19418.35,    19674.25,    19275.55,    19334.60,      111820873,         5073.23
2022-01-19,    19299.80,    19393.15,    19120.40,    19209.75,      104130619,         4538.97
2022-01-20,    19239.35,    19278.90,    18972.20,    19105.10,       92909861,         4152.32
2022-01-21,    18948.10,    19032.45,    18755.00,    18929.55,       92962129,         3935.73
2022-01-24,    18966.45,    19005.05,    18333.00,    18643.60,      160009068,         6436.49
2022-01-25,    18467.85,    19078.85,    18379.15,    19036.05,      191463027,         7686.42
2022-01-27,    18741.65,    19221.20,    18672.70,    19132.90,      191615680,         9012.99
2022-01-28,    19261.75,    19386.45,    18971.15,    19020.60,      153535782,         6944.03
